Date,XSICFEUW
2025-09-19T00:00:00,2159
2025-09-18T00:00:00,2248
2025-09-17T00:00:00,2314
2025-09-16T00:00:00,2438
2025-09-15T00:00:00,2487
2025-09-12T00:00:00,2261
2025-09-11T00:00:00,2273
2025-09-10T00:00:00,2222
2025-09-09T00:00:00,2248
2025-09-08T00:00:00,2194
2025-09-05T00:00:00,2148
2025-09-04T00:00:00,2034
2025-09-03T00:00:00,1938
2025-09-02T00:00:00,1856
2025-09-01T00:00:00,1842
2025-08-29T00:00:00,1776
2025-08-28T00:00:00,1777
2025-08-27T00:00:00,1783
2025-08-26T00:00:00,1795
2025-08-25T00:00:00,1792
2025-08-22T00:00:00,1810
2025-08-21T00:00:00,1826
2025-08-20T00:00:00,1833
2025-08-19T00:00:00,1837
2025-08-18T00:00:00,1849
2025-08-15T00:00:00,1862
2025-08-14T00:00:00,1913
2025-08-13T00:00:00,1931
2025-08-12T00:00:00,1940
2025-08-11T00:00:00,1954
2025-08-08T00:00:00,1979
2025-08-07T00:00:00,2012
2025-08-06T00:00:00,2018
2025-08-05T00:00:00,2108
2025-08-04T00:00:00,2135
2025-08-01T00:00:00,2166
2025-07-31T00:00:00,2170
2025-07-30T00:00:00,2172
2025-07-29T00:00:00,2179
2025-07-28T00:00:00,2228
2025-07-25T00:00:00,2206
2025-07-24T00:00:00,2216
2025-07-23T00:00:00,2248
2025-07-22T00:00:00,2257
2025-07-21T00:00:00,2236
2025-07-18T00:00:00,2243
2025-07-17T00:00:00,2204
2025-07-16T00:00:00,2204
2025-07-15T00:00:00,2189
2025-07-14T00:00:00,2385
2025-07-11T00:00:00,2392
2025-07-10T00:00:00,2399
2025-07-09T00:00:00,2423
2025-07-08T00:00:00,2449
2025-07-07T00:00:00,2547
2025-07-04T00:00:00,2640
2025-07-03T00:00:00,2677
2025-07-02T00:00:00,2774
2025-07-01T00:00:00,2823
2025-06-30T00:00:00,3130
2025-06-27T00:00:00,3122
2025-06-26T00:00:00,3178
2025-06-25T00:00:00,3319
2025-06-24T00:00:00,3528
2025-06-23T00:00:00,3625
2025-06-20T00:00:00,4195
2025-06-19T00:00:00,4393
2025-06-18T00:00:00,4678
2025-06-17T00:00:00,5051
2025-06-16T00:00:00,5170
2025-06-13T00:00:00,5190
2025-06-12T00:00:00,5270
2025-06-11T00:00:00,5322
2025-06-10T00:00:00,5261
2025-06-06T00:00:00,5194
2025-06-05T00:00:00,5122
2025-06-04T00:00:00,4901
2025-06-03T00:00:00,4263
2025-06-02T00:00:00,3910
2025-05-30T00:00:00,3026
2025-05-28T00:00:00,2986
2025-05-27T00:00:00,2988
2025-05-26T00:00:00,2981
2025-05-23T00:00:00,2970
2025-05-22T00:00:00,2932
2025-05-21T00:00:00,2875
2025-05-20T00:00:00,2812
2025-05-19T00:00:00,2736
2025-05-16T00:00:00,2615
2025-05-15T00:00:00,2592
2025-05-14T00:00:00,2502
2025-05-13T00:00:00,2523
2025-05-12T00:00:00,2515
2025-05-09T00:00:00,2521
2025-05-08T00:00:00,2521
2025-05-07T00:00:00,2521
2025-05-06T00:00:00,2588
2025-05-05T00:00:00,2551
2025-05-02T00:00:00,2671
2025-04-30T00:00:00,2749
2025-04-29T00:00:00,2755
2025-04-28T00:00:00,2752
2025-04-25T00:00:00,2759
2025-04-24T00:00:00,2785
2025-04-23T00:00:00,2793
2025-04-22T00:00:00,2880
2025-04-16T00:00:00,2868
2025-04-15T00:00:00,2878
2025-04-14T00:00:00,2939
2025-04-11T00:00:00,2948
2025-04-10T00:00:00,2951
2025-04-09T00:00:00,2964
2025-04-08T00:00:00,2984
2025-04-07T00:00:00,2973
2025-04-04T00:00:00,2956
2025-04-03T00:00:00,2931
2025-04-02T00:00:00,2905
2025-04-01T00:00:00,2905
2025-03-31T00:00:00,2502
2025-03-28T00:00:00,2479
2025-03-27T00:00:00,2483
2025-03-26T00:00:00,2488
2025-03-25T00:00:00,2498
2025-03-24T00:00:00,2498
2025-03-21T00:00:00,2505
2025-03-20T00:00:00,2515
2025-03-19T00:00:00,2564
2025-03-18T00:00:00,2558
2025-03-17T00:00:00,2593
2025-03-14T00:00:00,2802
2025-03-13T00:00:00,2849
2025-03-12T00:00:00,2905
2025-03-11T00:00:00,2969
2025-03-10T00:00:00,2993
2025-03-07T00:00:00,3027
2025-03-06T00:00:00,3068
2025-03-05T00:00:00,3071
2025-03-04T00:00:00,3097
2025-03-03T00:00:00,3125
2025-02-28T00:00:00,3484
2025-02-27T00:00:00,3588
2025-02-26T00:00:00,3772
2025-02-24T00:00:00,3845
2025-02-21T00:00:00,3966
2025-02-20T00:00:00,4029
2025-02-19T00:00:00,4111
2025-02-18T00:00:00,4215
2025-02-17T00:00:00,4337
2025-02-14T00:00:00,4835
2025-02-13T00:00:00,4877
2025-02-12T00:00:00,4900
2025-02-11T00:00:00,4906
2025-02-10T00:00:00,4953
2025-02-07T00:00:00,4971
2025-02-06T00:00:00,4964
2025-02-05T00:00:00,4958
2025-02-04T00:00:00,4958
2025-02-03T00:00:00,4956
2025-01-31T00:00:00,5017
2025-01-30T00:00:00,5044
2025-01-29T00:00:00,5055
2025-01-28T00:00:00,5056
2025-01-27T00:00:00,5098
2025-01-24T00:00:00,5100
2025-01-23T00:00:00,5106
2025-01-22T00:00:00,5154
2025-01-21T00:00:00,5162
2025-01-20T00:00:00,5205
2025-01-17T00:00:00,5207
2025-01-16T00:00:00,5291
2025-01-15T00:00:00,5252
2025-01-14T00:00:00,5313
2025-01-13T00:00:00,5335
2025-01-10T00:00:00,5398
2025-01-09T00:00:00,5530
2025-01-08T00:00:00,5679
2025-01-07T00:00:00,5687
2025-01-06T00:00:00,5684
2025-01-03T00:00:00,5729
2025-01-02T00:00:00,5672
2024-12-30T00:00:00,4595
2024-12-27T00:00:00,4592
2024-12-23T00:00:00,4559
2024-12-20T00:00:00,4559
2024-12-19T00:00:00,4561
2024-12-18T00:00:00,4440
2024-12-17T00:00:00,4391
2024-12-16T00:00:00,4372
2024-12-13T00:00:00,3994
2024-12-12T00:00:00,3987
2024-12-11T00:00:00,4000
2024-12-10T00:00:00,3998
2024-12-09T00:00:00,4023
2024-12-06T00:00:00,4019
2024-12-05T00:00:00,4042
2024-12-04T00:00:00,4081
2024-12-03T00:00:00,4132
2024-12-02T00:00:00,4131
2024-11-29T00:00:00,4525
2024-11-28T00:00:00,4588
2024-11-27T00:00:00,4627
2024-11-26T00:00:00,4581
2024-11-25T00:00:00,4631
2024-11-22T00:00:00,4673
2024-11-21T00:00:00,4693
2024-11-20T00:00:00,4740
2024-11-19T00:00:00,4769
2024-11-18T00:00:00,4848
2024-11-15T00:00:00,4972
2024-11-14T00:00:00,5074
2024-11-13T00:00:00,5060
2024-11-12T00:00:00,5096
2024-11-11T00:00:00,5106
2024-11-08T00:00:00,5130
2024-11-07T00:00:00,5154
2024-11-06T00:00:00,5141
2024-11-05T00:00:00,5149
2024-11-04T00:00:00,5160
2024-11-01T00:00:00,5140
2024-10-31T00:00:00,5188
2024-10-30T00:00:00,5190
2024-10-29T00:00:00,5192
2024-10-28T00:00:00,5195
2024-10-25T00:00:00,5195
2024-10-24T00:00:00,5199
2024-10-23T00:00:00,5199
2024-10-22T00:00:00,5256
2024-10-21T00:00:00,5278
2024-10-18T00:00:00,5321
2024-10-17T00:00:00,5334
2024-10-16T00:00:00,5343
2024-10-15T00:00:00,5433
2024-10-14T00:00:00,5510
2024-10-11T00:00:00,5514
2024-10-10T00:00:00,5483
2024-10-09T00:00:00,5487
2024-10-08T00:00:00,5489
2024-10-07T00:00:00,5542
2024-10-04T00:00:00,5564
2024-10-03T00:00:00,5608
2024-10-02T00:00:00,5605
2024-10-01T00:00:00,5630
2024-09-30T00:00:00,5810
2024-09-27T00:00:00,5814
2024-09-26T00:00:00,5837
2024-09-25T00:00:00,5843
2024-09-24T00:00:00,6040
2024-09-23T00:00:00,6049
2024-09-20T00:00:00,6119
2024-09-19T00:00:00,6126
2024-09-18T00:00:00,6128
2024-09-17T00:00:00,6137
2024-09-16T00:00:00,6176
2024-09-13T00:00:00,6283
2024-09-12T00:00:00,6307
2024-09-11T00:00:00,6325
2024-09-10T00:00:00,6325
2024-09-09T00:00:00,6342
2024-09-06T00:00:00,6353
2024-09-05T00:00:00,6433
2024-09-04T00:00:00,6454
2024-09-03T00:00:00,6482
2024-09-02T00:00:00,6597
2024-08-30T00:00:00,6586
2024-08-29T00:00:00,6634
2024-08-28T00:00:00,6670
2024-08-27T00:00:00,6694
2024-08-26T00:00:00,6695
2024-08-23T00:00:00,6718
2024-08-22T00:00:00,6735
2024-08-21T00:00:00,6793
2024-08-20T00:00:00,6737
2024-08-19T00:00:00,6693
2024-08-16T00:00:00,6584
2024-08-15T00:00:00,6507
2024-08-14T00:00:00,6356
2024-08-13T00:00:00,6358
2024-08-12T00:00:00,6406
2024-08-09T00:00:00,6415
2024-08-08T00:00:00,6446
2024-08-07T00:00:00,6454
2024-08-06T00:00:00,6552
2024-08-05T00:00:00,6550
2024-08-02T00:00:00,6623
2024-08-01T00:00:00,6638
2024-07-31T00:00:00,6877
2024-07-30T00:00:00,6932
2024-07-29T00:00:00,6936
2024-07-26T00:00:00,6999
2024-07-25T00:00:00,7135
2024-07-24T00:00:00,7163
2024-07-23T00:00:00,7322
2024-07-22T00:00:00,7491
2024-07-19T00:00:00,7604
2024-07-18T00:00:00,7746
2024-07-17T00:00:00,7806
2024-07-16T00:00:00,7811
2024-07-15T00:00:00,7838
2024-07-12T00:00:00,7874
2024-07-11T00:00:00,7911
2024-07-10T00:00:00,7893
2024-07-09T00:00:00,7902
2024-07-08T00:00:00,7897
2024-07-05T00:00:00,7897
2024-07-04T00:00:00,7776
2024-07-03T00:00:00,7676
2024-07-02T00:00:00,7665
2024-07-01T00:00:00,7617
2024-06-28T00:00:00,7038
2024-06-27T00:00:00,7007
2024-06-26T00:00:00,6991
2024-06-25T00:00:00,6975
2024-06-24T00:00:00,6951
2024-06-21T00:00:00,6934
2024-06-20T00:00:00,6872
2024-06-19T00:00:00,6810
2024-06-18T00:00:00,6786
2024-06-17T00:00:00,6740
2024-06-14T00:00:00,6005
2024-06-13T00:00:00,5955
2024-06-12T00:00:00,5947
2024-06-11T00:00:00,5949
2024-06-10T00:00:00,5926
2024-06-07T00:00:00,5913
2024-06-06T00:00:00,5905
2024-06-05T00:00:00,5905
2024-06-04T00:00:00,5859
2024-06-03T00:00:00,5857
2024-05-31T00:00:00,4960
2024-05-30T00:00:00,4931
2024-05-29T00:00:00,4904
2024-05-28T00:00:00,4904
2024-05-27T00:00:00,4896
2024-05-24T00:00:00,4874
2024-05-23T00:00:00,4824
2024-05-22T00:00:00,4760
2024-05-21T00:00:00,4689
2024-05-16T00:00:00,4642
2024-05-15T00:00:00,4520
2024-05-14T00:00:00,4025
2024-05-13T00:00:00,3972
2024-05-10T00:00:00,3956
2024-05-08T00:00:00,3880
2024-05-07T00:00:00,3877
2024-05-06T00:00:00,3754
2024-05-03T00:00:00,3738
2024-05-02T00:00:00,3684
2024-04-30T00:00:00,3296
2024-04-29T00:00:00,3296
2024-04-26T00:00:00,3300
2024-04-25T00:00:00,3308
2024-04-24T00:00:00,3305
2024-04-23T00:00:00,3309
2024-04-22T00:00:00,3313
2024-04-19T00:00:00,3318
2024-04-18T00:00:00,3301
2024-04-17T00:00:00,3319
2024-04-16T00:00:00,3318
2024-04-15T00:00:00,3318
2024-04-12T00:00:00,3433
2024-04-11T00:00:00,3439
2024-04-10T00:00:00,3439
2024-04-09T00:00:00,3459
2024-04-08T00:00:00,3462
2024-04-05T00:00:00,3472
2024-04-04T00:00:00,3481
2024-04-03T00:00:00,3481
2024-04-02T00:00:00,3474
2024-03-27T00:00:00,3573
2024-03-26T00:00:00,3629
2024-03-25T00:00:00,3640
2024-03-22T00:00:00,3722
2024-03-21T00:00:00,3798
2024-03-20T00:00:00,3843
2024-03-19T00:00:00,3876
2024-03-18T00:00:00,3876
2024-03-15T00:00:00,3960
2024-03-14T00:00:00,4099
2024-03-13T00:00:00,4144
2024-03-12T00:00:00,4150
2024-03-11T00:00:00,4173
2024-03-08T00:00:00,4260
2024-03-07T00:00:00,4286
2024-03-06T00:00:00,4312
2024-03-05T00:00:00,4330
2024-03-04T00:00:00,4401
2024-03-01T00:00:00,4430
2024-02-29T00:00:00,4552
2024-02-28T00:00:00,4613
2024-02-27T00:00:00,4619
2024-02-26T00:00:00,4676
2024-02-23T00:00:00,4690
2024-02-22T00:00:00,4754
2024-02-21T00:00:00,4777
2024-02-20T00:00:00,4762
2024-02-19T00:00:00,4765
2024-02-16T00:00:00,4772
2024-02-15T00:00:00,4777
2024-02-14T00:00:00,4713
2024-02-13T00:00:00,4700
2024-02-12T00:00:00,4659
2024-02-09T00:00:00,4680
2024-02-08T00:00:00,4674
2024-02-07T00:00:00,4694
2024-02-06T00:00:00,4533
2024-02-05T00:00:00,4517
2024-02-02T00:00:00,4504
2024-02-01T00:00:00,4375
2024-01-31T00:00:00,4045
2024-01-30T00:00:00,4032
2024-01-29T00:00:00,3989
2024-01-26T00:00:00,3950
2024-01-25T00:00:00,3792
2024-01-24T00:00:00,3776
2024-01-23T00:00:00,3777
2024-01-22T00:00:00,3721
2024-01-19T00:00:00,3590
2024-01-18T00:00:00,3493
2024-01-17T00:00:00,3464
2024-01-16T00:00:00,3418
2024-01-15T00:00:00,3237
2024-01-12T00:00:00,2517
2024-01-11T00:00:00,2489
2024-01-10T00:00:00,2439
2024-01-09T00:00:00,2429
2024-01-08T00:00:00,2414
2024-01-05T00:00:00,2383
2024-01-04T00:00:00,2362
2024-01-03T00:00:00,2333
2024-01-02T00:00:00,2270
2023-12-29T00:00:00,1748
2023-12-28T00:00:00,1748
2023-12-27T00:00:00,1744
2023-12-22T00:00:00,1744
2023-12-21T00:00:00,1744
2023-12-20T00:00:00,1744
2023-12-19T00:00:00,1745
2023-12-18T00:00:00,1709
2023-12-15T00:00:00,1689
2023-12-14T00:00:00,1593
2023-12-13T00:00:00,1593
2023-12-12T00:00:00,1600
2023-12-11T00:00:00,1596
2023-12-08T00:00:00,1597
2023-12-07T00:00:00,1653
2023-12-06T00:00:00,1650
2023-12-05T00:00:00,1652
2023-12-04T00:00:00,1652
2023-12-01T00:00:00,1655
2023-11-30T00:00:00,1672
2023-11-29T00:00:00,1674
2023-11-28T00:00:00,1696
2023-11-27T00:00:00,1708
2023-11-24T00:00:00,1727
2023-11-23T00:00:00,1730
2023-11-22T00:00:00,1745
2023-11-21T00:00:00,1756
2023-11-20T00:00:00,1776
2023-11-17T00:00:00,1847
2023-11-16T00:00:00,1866
2023-11-15T00:00:00,1881
2023-11-14T00:00:00,1897
2023-11-13T00:00:00,1906
2023-11-10T00:00:00,1955
2023-11-09T00:00:00,1986
2023-11-08T00:00:00,2012
2023-11-07T00:00:00,2058
2023-11-06T00:00:00,2071
2023-11-03T00:00:00,2059
2023-11-02T00:00:00,2018
2023-11-01T00:00:00,2000
2023-10-31T00:00:00,1784
2023-10-30T00:00:00,1782
2023-10-27T00:00:00,1782
2023-10-26T00:00:00,1777
2023-10-25T00:00:00,1775
2023-10-24T00:00:00,1752
2023-10-23T00:00:00,1772
2023-10-20T00:00:00,1763
2023-10-19T00:00:00,1764
2023-10-18T00:00:00,1763
2023-10-17T00:00:00,1716
2023-10-16T00:00:00,1707
2023-10-13T00:00:00,1777
2023-10-12T00:00:00,1778
2023-10-11T00:00:00,1784
2023-10-10T00:00:00,1767
2023-10-09T00:00:00,1786
2023-10-06T00:00:00,1797
2023-10-05T00:00:00,1798
2023-10-04T00:00:00,1798
2023-10-03T00:00:00,1812
2023-10-02T00:00:00,1826
2023-09-29T00:00:00,1883
2023-09-28T00:00:00,1892
2023-09-27T00:00:00,1895
2023-09-26T00:00:00,1904
2023-09-25T00:00:00,1907
2023-09-22T00:00:00,1965
2023-09-21T00:00:00,1972
2023-09-20T00:00:00,1998
2023-09-19T00:00:00,1998
2023-09-18T00:00:00,2014
2023-09-15T00:00:00,2016
2023-09-14T00:00:00,2056
2023-09-13T00:00:00,2062
2023-09-12T00:00:00,2080
2023-09-11T00:00:00,2095
2023-09-08T00:00:00,2090
2023-09-07T00:00:00,2111
2023-09-06T00:00:00,2163
2023-09-05T00:00:00,2176
2023-09-04T00:00:00,2178
2023-09-01T00:00:00,2177
2023-08-31T00:00:00,2142
2023-08-30T00:00:00,2146
2023-08-29T00:00:00,2140
2023-08-25T00:00:00,2140
2023-08-24T00:00:00,2128
2023-08-23T00:00:00,2148
2023-08-22T00:00:00,2149
2023-08-21T00:00:00,2146
2023-08-18T00:00:00,2141
2023-08-17T00:00:00,2123
2023-08-16T00:00:00,2140
2023-08-15T00:00:00,2079
2023-08-14T00:00:00,2030
2023-08-11T00:00:00,2032
2023-08-10T00:00:00,2032
2023-08-09T00:00:00,2027
2023-08-08T00:00:00,2006
2023-08-07T00:00:00,1982
2023-08-04T00:00:00,1959
2023-08-03T00:00:00,1956
2023-08-02T00:00:00,1941
2023-08-01T00:00:00,1938
2023-07-31T00:00:00,1830
2023-07-28T00:00:00,1830
2023-07-27T00:00:00,1834
2023-07-26T00:00:00,1836
2023-07-25T00:00:00,1836
2023-07-24T00:00:00,1836
2023-07-21T00:00:00,1796
2023-07-20T00:00:00,1796
2023-07-19T00:00:00,1801
2023-07-18T00:00:00,1790
2023-07-17T00:00:00,1790
2023-07-14T00:00:00,1448
2023-07-13T00:00:00,1454
2023-07-12T00:00:00,1450
2023-07-11T00:00:00,1450
2023-07-10T00:00:00,1457
2023-07-07T00:00:00,1447
2023-07-06T00:00:00,1447
2023-07-05T00:00:00,1455
2023-07-04T00:00:00,1453
2023-07-03T00:00:00,1449
2023-06-30T00:00:00,1228
2023-06-29T00:00:00,1225
2023-06-28T00:00:00,1228
2023-06-27T00:00:00,1216
2023-06-26T00:00:00,1222
2023-06-23T00:00:00,1230
2023-06-22T00:00:00,1231
2023-06-21T00:00:00,1242
2023-06-20T00:00:00,1246
2023-06-19T00:00:00,1269
2023-06-16T00:00:00,1271
2023-06-15T00:00:00,1291
2023-06-14T00:00:00,1395
2023-06-13T00:00:00,1414
2023-06-12T00:00:00,1421
2023-06-09T00:00:00,1464
2023-06-08T00:00:00,1539
2023-06-07T00:00:00,1515
2023-06-06T00:00:00,1501
2023-06-05T00:00:00,1501
2023-06-02T00:00:00,1502
2023-06-01T00:00:00,1502
2023-05-31T00:00:00,1289
2023-05-30T00:00:00,1291
2023-05-26T00:00:00,1308
2023-05-25T00:00:00,1329
2023-05-24T00:00:00,1326
2023-05-23T00:00:00,1329
2023-05-22T00:00:00,1336
2023-05-19T00:00:00,1351
2023-05-16T00:00:00,1377
2023-05-15T00:00:00,1382
2023-05-12T00:00:00,1454
2023-05-11T00:00:00,1463
2023-05-10T00:00:00,1447
2023-05-09T00:00:00,1441
2023-05-08T00:00:00,1451
2023-05-05T00:00:00,1461
2023-05-04T00:00:00,1462
2023-05-03T00:00:00,1479
2023-05-02T00:00:00,1484
2023-04-28T00:00:00,1565
2023-04-27T00:00:00,1579
2023-04-26T00:00:00,1617
2023-04-25T00:00:00,1627
2023-04-24T00:00:00,1647
2023-04-21T00:00:00,1630
2023-04-20T00:00:00,1612
2023-04-19T00:00:00,1593
2023-04-18T00:00:00,1604
2023-04-17T00:00:00,1587
2023-04-14T00:00:00,1150
2023-04-13T00:00:00,1151
2023-04-12T00:00:00,1149
2023-04-11T00:00:00,1158
2023-04-05T00:00:00,1157
2023-04-04T00:00:00,1166
2023-04-03T00:00:00,1180
2023-03-31T00:00:00,1180
2023-03-30T00:00:00,1182
2023-03-29T00:00:00,1185
2023-03-28T00:00:00,1193
2023-03-27T00:00:00,1196
2023-03-24T00:00:00,1197
2023-03-23T00:00:00,1207
2023-03-22T00:00:00,1203
2023-03-21T00:00:00,1218
2023-03-20T00:00:00,1222
2023-03-17T00:00:00,1224
2023-03-16T00:00:00,1217
2023-03-15T00:00:00,1234
2023-03-14T00:00:00,1227
2023-03-13T00:00:00,1230
2023-03-10T00:00:00,1232
2023-03-09T00:00:00,1236
2023-03-08T00:00:00,1265
2023-03-07T00:00:00,1242
2023-03-06T00:00:00,1259
2023-03-03T00:00:00,1259
2023-03-02T00:00:00,1259
2023-03-01T00:00:00,1260
2023-02-28T00:00:00,1316
2023-02-27T00:00:00,1320
2023-02-24T00:00:00,1312
2023-02-23T00:00:00,1316
2023-02-22T00:00:00,1329
2023-02-21T00:00:00,1348
2023-02-20T00:00:00,1328
2023-02-17T00:00:00,1331
2023-02-16T00:00:00,1340
2023-02-15T00:00:00,1343
2023-02-14T00:00:00,1334
2023-02-13T00:00:00,1334
2023-02-10T00:00:00,1342
2023-02-09T00:00:00,1351
2023-02-08T00:00:00,1356
2023-02-07T00:00:00,1352
2023-02-06T00:00:00,1368
2023-02-03T00:00:00,1384
2023-02-02T00:00:00,1392
2023-02-01T00:00:00,1392
2023-01-31T00:00:00,1529
2023-01-30T00:00:00,1556
2023-01-27T00:00:00,1565
2023-01-26T00:00:00,1565
2023-01-25T00:00:00,1571
2023-01-24T00:00:00,1572
2023-01-23T00:00:00,1588
2023-01-20T00:00:00,1581
2023-01-19T00:00:00,1462
2023-01-18T00:00:00,1462
2023-01-17T00:00:00,1461
2023-01-16T00:00:00,1443
2023-01-13T00:00:00,1453
2023-01-12T00:00:00,1456
2023-01-11T00:00:00,1458
2023-01-10T00:00:00,1460
2023-01-09T00:00:00,1458
2023-01-06T00:00:00,1463
2023-01-05T00:00:00,1474
2023-01-04T00:00:00,1472
2023-01-03T00:00:00,1490
2023-01-02T00:00:00,1510
2022-12-30T00:00:00,1524
2022-12-29T00:00:00,1518
2022-12-28T00:00:00,1510
2022-12-27T00:00:00,1499
2022-12-23T00:00:00,1497
2022-12-22T00:00:00,1497
2022-12-21T00:00:00,1501
2022-12-20T00:00:00,1505
2022-12-19T00:00:00,1529
2022-12-16T00:00:00,1526
2022-12-15T00:00:00,1535
2022-12-14T00:00:00,1498
2022-12-13T00:00:00,1496
2022-12-12T00:00:00,1509
2022-12-09T00:00:00,1506
2022-12-08T00:00:00,1524
2022-12-07T00:00:00,1524
2022-12-06T00:00:00,1519
2022-12-05T00:00:00,1605
2022-12-02T00:00:00,1622
2022-12-01T00:00:00,1670
2022-11-30T00:00:00,1511
2022-11-29T00:00:00,1597
2022-11-28T00:00:00,1635
2022-11-25T00:00:00,1638
2022-11-24T00:00:00,1651
2022-11-23T00:00:00,1672
2022-11-22T00:00:00,1676
2022-11-21T00:00:00,1702
2022-11-18T00:00:00,1708
2022-11-17T00:00:00,1793
2022-11-16T00:00:00,1890
2022-11-15T00:00:00,1941
2022-11-14T00:00:00,1794
2022-11-11T00:00:00,1835
2022-11-10T00:00:00,1877
2022-11-09T00:00:00,1905
2022-11-08T00:00:00,1942
2022-11-07T00:00:00,1926
2022-11-04T00:00:00,1960
2022-11-03T00:00:00,1968
2022-11-02T00:00:00,2082
2022-11-01T00:00:00,2087
2022-10-31T00:00:00,1975
2022-10-28T00:00:00,2012
2022-10-27T00:00:00,2058
2022-10-26T00:00:00,2054
2022-10-25T00:00:00,2084
2022-10-24T00:00:00,2102
2022-10-21T00:00:00,2124
2022-10-20T00:00:00,2133
2022-10-19T00:00:00,2165
2022-10-18T00:00:00,2209
2022-10-17T00:00:00,2251
2022-10-14T00:00:00,2434
2022-10-13T00:00:00,2527
2022-10-12T00:00:00,2528
2022-10-11T00:00:00,2608
2022-10-10T00:00:00,2608
2022-10-07T00:00:00,2632
2022-10-06T00:00:00,2695
2022-10-05T00:00:00,2682
2022-10-04T00:00:00,2692
2022-10-03T00:00:00,2725
2022-09-30T00:00:00,3314
2022-09-29T00:00:00,3367
2022-09-28T00:00:00,3395
2022-09-27T00:00:00,3454
2022-09-26T00:00:00,3523
2022-09-23T00:00:00,3532
2022-09-22T00:00:00,3454
2022-09-21T00:00:00,3528
2022-09-20T00:00:00,3585
2022-09-19T00:00:00,3727
2022-09-16T00:00:00,3866
2022-09-15T00:00:00,4026
2022-09-14T00:00:00,4324
2022-09-13T00:00:00,4317
2022-09-12T00:00:00,4342
2022-09-09T00:00:00,4567
2022-09-08T00:00:00,4782
2022-09-07T00:00:00,4782
2022-09-06T00:00:00,4893
2022-09-05T00:00:00,4936
2022-09-02T00:00:00,5127
2022-09-01T00:00:00,5038
2022-08-31T00:00:00,5457
2022-08-30T00:00:00,5633
2022-08-29T00:00:00,5594
2022-08-26T00:00:00,5738
2022-08-25T00:00:00,5753
2022-08-24T00:00:00,5817
2022-08-23T00:00:00,5807
2022-08-22T00:00:00,5835
2022-08-19T00:00:00,5905
2022-08-18T00:00:00,6003
2022-08-17T00:00:00,5884
2022-08-16T00:00:00,5957
2022-08-15T00:00:00,6046
2022-08-12T00:00:00,6061
2022-08-11T00:00:00,6125
2022-08-10T00:00:00,6125
2022-08-09T00:00:00,6125
2022-08-08T00:00:00,6141
2022-08-05T00:00:00,6149
2022-08-04T00:00:00,6143
2022-08-03T00:00:00,6013
2022-08-02T00:00:00,5929
2022-08-01T00:00:00,6353
2022-07-29T00:00:00,6673
2022-07-28T00:00:00,6776
2022-07-27T00:00:00,6889
2022-07-26T00:00:00,6888
2022-07-25T00:00:00,6931
2022-07-22T00:00:00,6888
2022-07-21T00:00:00,7024
2022-07-20T00:00:00,7046
2022-07-19T00:00:00,6838
2022-07-18T00:00:00,6856
2022-07-15T00:00:00,6941
2022-07-14T00:00:00,7183
2022-07-13T00:00:00,7258
2022-07-12T00:00:00,7373
2022-07-11T00:00:00,7397
2022-07-08T00:00:00,7360
2022-07-07T00:00:00,7360
2022-07-06T00:00:00,7362
2022-07-05T00:00:00,7309
2022-07-04T00:00:00,7358
2022-07-01T00:00:00,7425
2022-06-30T00:00:00,7544
2022-06-29T00:00:00,7577
2022-06-28T00:00:00,7633
2022-06-27T00:00:00,7633
2022-06-24T00:00:00,7633
2022-06-23T00:00:00,7706
2022-06-22T00:00:00,7736
2022-06-21T00:00:00,7695
2022-06-20T00:00:00,7723
2022-06-17T00:00:00,7720
2022-06-16T00:00:00,7716
2022-06-15T00:00:00,7754
2022-06-14T00:00:00,7915
2022-06-13T00:00:00,7971
2022-06-10T00:00:00,7987
2022-06-09T00:00:00,7987
2022-06-08T00:00:00,7992
2022-06-07T00:00:00,7992
2022-06-03T00:00:00,7988
2022-06-02T00:00:00,8037
2022-06-01T00:00:00,8004
2022-05-31T00:00:00,8244
2022-05-30T00:00:00,8244
2022-05-27T00:00:00,8279
2022-05-25T00:00:00,8306
2022-05-24T00:00:00,8329
2022-05-23T00:00:00,8299
2022-05-20T00:00:00,8307
2022-05-19T00:00:00,8299
2022-05-18T00:00:00,8319
2022-05-16T00:00:00,8345
2022-05-13T00:00:00,8562
2022-05-12T00:00:00,8464
2022-05-11T00:00:00,8511
2022-05-10T00:00:00,8511
2022-05-09T00:00:00,8522
2022-05-06T00:00:00,8522
2022-05-05T00:00:00,8566
2022-05-04T00:00:00,8566
2022-05-03T00:00:00,8526
2022-05-02T00:00:00,8526
2022-04-29T00:00:00,8626
2022-04-28T00:00:00,8620
2022-04-27T00:00:00,8620
2022-04-26T00:00:00,8619
2022-04-25T00:00:00,8611
2022-04-22T00:00:00,8570
2022-04-21T00:00:00,8562
2022-04-20T00:00:00,8586
2022-04-19T00:00:00,8595
2022-04-13T00:00:00,8643
2022-04-12T00:00:00,8626
2022-04-11T00:00:00,8605
2022-04-08T00:00:00,8611
2022-04-07T00:00:00,8589
2022-04-06T00:00:00,8737
2022-04-05T00:00:00,8752
2022-04-04T00:00:00,8758
2022-04-01T00:00:00,8846
2022-03-31T00:00:00,8577
2022-03-30T00:00:00,8577
2022-03-29T00:00:00,8562
2022-03-28T00:00:00,8546
2022-03-25T00:00:00,8546
2022-03-24T00:00:00,8546
2022-03-23T00:00:00,8546
2022-03-22T00:00:00,8511
2022-03-21T00:00:00,8555
2022-03-18T00:00:00,8507
2022-03-17T00:00:00,8467
2022-03-16T00:00:00,8453
2022-03-15T00:00:00,8439
2022-03-14T00:00:00,8737
2022-03-11T00:00:00,8832
2022-03-10T00:00:00,8906
2022-03-09T00:00:00,8815
2022-03-08T00:00:00,8815
2022-03-07T00:00:00,8824
2022-03-04T00:00:00,8736
2022-03-03T00:00:00,8712
2022-03-02T00:00:00,8758
2022-03-01T00:00:00,8755
2022-02-28T00:00:00,8630
2022-02-25T00:00:00,8636
2022-02-24T00:00:00,8607
2022-02-23T00:00:00,8607
2022-02-22T00:00:00,8607
2022-02-21T00:00:00,8611
2022-02-18T00:00:00,8621
2022-02-17T00:00:00,8620
2022-02-16T00:00:00,8627
2022-02-15T00:00:00,8650
2022-02-14T00:00:00,8435
2022-02-11T00:00:00,8608
2022-02-10T00:00:00,8634
2022-02-09T00:00:00,8641
2022-02-08T00:00:00,8641
2022-02-07T00:00:00,8641
2022-02-04T00:00:00,8725
2022-02-03T00:00:00,8725
2022-02-02T00:00:00,8632
2022-02-01T00:00:00,8640
2022-01-31T00:00:00,8547
2022-01-28T00:00:00,8466
2022-01-27T00:00:00,8558
2022-01-26T00:00:00,8549
2022-01-25T00:00:00,8549
2022-01-24T00:00:00,8577
2022-01-21T00:00:00,8508
2022-01-20T00:00:00,8263
2022-01-19T00:00:00,8263
2022-01-18T00:00:00,8258
2022-01-17T00:00:00,8428
2022-01-14T00:00:00,8535
2022-01-13T00:00:00,8465
2022-01-12T00:00:00,8491
2022-01-11T00:00:00,8279
2022-01-10T00:00:00,8020
2022-01-07T00:00:00,8020
2022-01-06T00:00:00,8020
2022-01-05T00:00:00,8111
2022-01-04T00:00:00,8013
2022-01-03T00:00:00,8021
2021-12-30T00:00:00,8506
2021-12-29T00:00:00,8227
2021-12-28T00:00:00,8343
2021-12-27T00:00:00,8343
2021-12-23T00:00:00,8343
2021-12-22T00:00:00,8343
2021-12-21T00:00:00,7993
2021-12-20T00:00:00,8111
2021-12-17T00:00:00,8111
2021-12-16T00:00:00,8140
2021-12-15T00:00:00,8154
2021-12-14T00:00:00,8013
2021-12-13T00:00:00,8013
2021-12-10T00:00:00,7518
2021-12-09T00:00:00,6949
2021-12-08T00:00:00,6913
2021-12-07T00:00:00,6913
2021-12-06T00:00:00,6913
2021-12-03T00:00:00,6990
2021-12-02T00:00:00,6935
2021-12-01T00:00:00,6970
2021-11-30T00:00:00,8021
2021-11-29T00:00:00,8047
2021-11-26T00:00:00,8039
2021-11-25T00:00:00,8039
2021-11-24T00:00:00,8039
2021-11-23T00:00:00,8039
2021-11-22T00:00:00,8045
2021-11-19T00:00:00,8062
2021-11-18T00:00:00,8048
2021-11-17T00:00:00,7796
2021-11-16T00:00:00,7925
2021-11-15T00:00:00,8001
2021-11-12T00:00:00,8276
2021-11-11T00:00:00,8381
2021-11-10T00:00:00,8554
2021-11-09T00:00:00,8641
2021-11-08T00:00:00,8726
2021-11-05T00:00:00,8641
2021-11-04T00:00:00,8653
2021-11-03T00:00:00,8751
2021-11-02T00:00:00,8751
2021-11-01T00:00:00,8961
2021-10-29T00:00:00,8359
2021-10-28T00:00:00,8148
2021-10-27T00:00:00,8158
2021-10-26T00:00:00,8158
2021-10-25T00:00:00,8158
2021-10-22T00:00:00,8158
2021-10-21T00:00:00,8349
2021-10-20T00:00:00,8349
2021-10-19T00:00:00,8485
2021-10-18T00:00:00,8485
2021-10-15T00:00:00,8357
2021-10-14T00:00:00,8049
2021-10-13T00:00:00,7981
2021-10-12T00:00:00,7981
2021-10-11T00:00:00,8051
2021-10-08T00:00:00,8235
2021-10-07T00:00:00,8347
2021-10-06T00:00:00,8499
2021-10-05T00:00:00,8593
2021-10-04T00:00:00,8593
2021-10-01T00:00:00,8593
2021-09-30T00:00:00,8231
2021-09-29T00:00:00,8231
2021-09-28T00:00:00,8231
2021-09-27T00:00:00,8285
2021-09-24T00:00:00,8285
2021-09-23T00:00:00,8343
2021-09-22T00:00:00,8343
2021-09-21T00:00:00,8279
2021-09-20T00:00:00,8279
2021-09-17T00:00:00,7819
2021-09-16T00:00:00,7923
2021-09-15T00:00:00,7923
2021-09-14T00:00:00,7254
2021-09-13T00:00:00,7254
2021-09-10T00:00:00,7254
2021-09-09T00:00:00,7233
2021-09-08T00:00:00,7233
2021-09-07T00:00:00,7375
2021-09-06T00:00:00,7375
2021-09-03T00:00:00,7407
2021-09-02T00:00:00,7453
2021-09-01T00:00:00,7495
2021-08-31T00:00:00,7266
2021-08-30T00:00:00,7266
2021-08-27T00:00:00,7185
2021-08-26T00:00:00,7228
2021-08-25T00:00:00,7030
2021-08-24T00:00:00,7262
2021-08-23T00:00:00,7262
2021-08-20T00:00:00,7262
2021-08-19T00:00:00,7262
2021-08-18T00:00:00,7184
2021-08-17T00:00:00,7128
2021-08-16T00:00:00,7128
2021-08-13T00:00:00,6550
2021-08-12T00:00:00,6581
2021-08-11T00:00:00,6581
2021-08-10T00:00:00,6581
2021-08-09T00:00:00,6574
2021-08-06T00:00:00,6590
2021-08-05T00:00:00,6590
2021-08-04T00:00:00,6141
2021-08-03T00:00:00,6141
2021-08-02T00:00:00,6141
2021-07-30T00:00:00,5808
2021-07-29T00:00:00,5815
2021-07-28T00:00:00,5815
2021-07-27T00:00:00,5832
2021-07-26T00:00:00,5832
2021-07-23T00:00:00,5855
2021-07-22T00:00:00,5810
2021-07-21T00:00:00,5816
2021-07-20T00:00:00,5817
2021-07-19T00:00:00,5842
2021-07-16T00:00:00,5490
2021-07-15T00:00:00,5513
2021-07-14T00:00:00,5400
2021-07-13T00:00:00,5400
2021-07-12T00:00:00,5323
2021-07-09T00:00:00,5385
2021-07-08T00:00:00,5397
2021-07-07T00:00:00,5544
2021-07-06T00:00:00,5544
2021-07-05T00:00:00,5544
2021-07-02T00:00:00,5762
2021-07-01T00:00:00,5762
2021-06-30T00:00:00,5124
2021-06-29T00:00:00,5144
2021-06-28T00:00:00,5677
2021-06-25T00:00:00,5717
2021-06-24T00:00:00,5665
2021-06-23T00:00:00,5043
2021-06-22T00:00:00,5043
2021-06-21T00:00:00,5043
2021-06-18T00:00:00,4870
2021-06-17T00:00:00,4848
2021-06-16T00:00:00,4878
2021-06-15T00:00:00,4878
2021-06-14T00:00:00,4819
2021-06-11T00:00:00,4819
2021-06-10T00:00:00,4766
2021-06-09T00:00:00,4762
2021-06-08T00:00:00,4829
2021-06-07T00:00:00,4829
2021-06-04T00:00:00,4877
2021-06-03T00:00:00,4877
2021-06-02T00:00:00,4914
2021-06-01T00:00:00,4882
2021-05-31T00:00:00,4515
2021-05-28T00:00:00,4536
2021-05-27T00:00:00,4536
2021-05-26T00:00:00,4536
2021-05-25T00:00:00,4536
2021-05-21T00:00:00,4536
2021-05-20T00:00:00,4501
2021-05-19T00:00:00,4501
2021-05-18T00:00:00,4550
2021-05-14T00:00:00,4360
2021-05-12T00:00:00,4360
2021-05-11T00:00:00,4360
2021-05-10T00:00:00,4360
2021-05-07T00:00:00,4368
2021-05-06T00:00:00,4376
2021-05-05T00:00:00,4393
2021-05-04T00:00:00,4389
2021-05-03T00:00:00,4343
2021-04-30T00:00:00,3983
2021-04-29T00:00:00,3983
2021-04-28T00:00:00,3994
2021-04-27T00:00:00,3986
2021-04-26T00:00:00,3983
2021-04-23T00:00:00,3979
2021-04-22T00:00:00,3979
2021-04-21T00:00:00,3979
2021-04-20T00:00:00,3981
2021-04-19T00:00:00,3993
2021-04-16T00:00:00,3944
2021-04-15T00:00:00,3944
2021-04-14T00:00:00,3943
2021-04-13T00:00:00,3956
2021-04-12T00:00:00,3963
2021-04-09T00:00:00,3963
2021-04-08T00:00:00,3963
2021-04-07T00:00:00,3963
2021-04-06T00:00:00,3970
2021-03-31T00:00:00,3959
2021-03-30T00:00:00,3959
2021-03-29T00:00:00,3959
2021-03-26T00:00:00,3959
2021-03-25T00:00:00,3954
2021-03-24T00:00:00,3954
2021-03-23T00:00:00,3903
2021-03-22T00:00:00,3915
2021-03-19T00:00:00,3917
2021-03-18T00:00:00,3917
2021-03-17T00:00:00,3917
2021-03-16T00:00:00,3918
2021-03-15T00:00:00,3918
2021-03-12T00:00:00,3963
2021-03-11T00:00:00,3907
2021-03-10T00:00:00,3907
2021-03-09T00:00:00,3907
2021-03-08T00:00:00,3916
2021-03-05T00:00:00,3917
2021-03-04T00:00:00,3917
2021-03-03T00:00:00,3903
2021-03-02T00:00:00,3903
2021-03-01T00:00:00,3903
2021-02-26T00:00:00,4006
2021-02-25T00:00:00,3891
2021-02-24T00:00:00,3891
2021-02-23T00:00:00,3891
2021-02-22T00:00:00,3891
2021-02-19T00:00:00,3891
2021-02-18T00:00:00,3888
2021-02-17T00:00:00,3888
2021-02-16T00:00:00,3888
2021-02-15T00:00:00,3888
2021-02-12T00:00:00,3884
2021-02-11T00:00:00,3890
2021-02-10T00:00:00,3892
2021-02-09T00:00:00,3892
2021-02-08T00:00:00,3892
2021-02-05T00:00:00,3911
2021-02-04T00:00:00,3911
2021-02-03T00:00:00,3911
2021-02-02T00:00:00,3911
2021-02-01T00:00:00,3924
2021-01-29T00:00:00,4147
2021-01-28T00:00:00,4169
2021-01-27T00:00:00,4169
2021-01-26T00:00:00,4047
2021-01-25T00:00:00,4024
2021-01-22T00:00:00,4024
2021-01-21T00:00:00,4024
2021-01-20T00:00:00,3899
2021-01-19T00:00:00,3899
2021-01-18T00:00:00,3899
2021-01-15T00:00:00,4038
2021-01-14T00:00:00,4008
2021-01-13T00:00:00,3865
2021-01-12T00:00:00,3885
2021-01-11T00:00:00,3885
2021-01-08T00:00:00,3885
2021-01-07T00:00:00,3885
2021-01-06T00:00:00,3890
2021-01-05T00:00:00,3937
2021-01-04T00:00:00,3937
2020-12-30T00:00:00,3969
2020-12-29T00:00:00,3948
2020-12-28T00:00:00,3948
2020-12-23T00:00:00,3948
2020-12-22T00:00:00,3948
2020-12-21T00:00:00,3948
2020-12-18T00:00:00,3984
2020-12-17T00:00:00,4020
2020-12-16T00:00:00,4037
2020-12-15T00:00:00,4042
2020-12-14T00:00:00,4012
2020-12-11T00:00:00,4012
2020-12-10T00:00:00,4048
2020-12-09T00:00:00,4079
2020-12-08T00:00:00,3919
2020-12-07T00:00:00,3923
2020-12-04T00:00:00,3923
2020-12-03T00:00:00,3922
2020-12-02T00:00:00,3923
2020-12-01T00:00:00,3925
2020-11-30T00:00:00,3894
2020-11-27T00:00:00,3882
2020-11-26T00:00:00,3878
2020-11-25T00:00:00,3878
2020-11-24T00:00:00,3886
2020-11-23T00:00:00,3886
2020-11-20T00:00:00,3887
2020-11-19T00:00:00,3886
2020-11-18T00:00:00,3885
2020-11-17T00:00:00,3880
2020-11-16T00:00:00,3824
2020-11-13T00:00:00,3852
2020-11-12T00:00:00,3852
2020-11-11T00:00:00,3852
2020-11-10T00:00:00,3852
2020-11-09T00:00:00,3847
2020-11-06T00:00:00,3843
2020-11-05T00:00:00,3849
2020-11-04T00:00:00,3849
2020-11-03T00:00:00,3846
2020-11-02T00:00:00,3885
2020-10-30T00:00:00,3880
2020-10-29T00:00:00,3863
2020-10-28T00:00:00,3863
2020-10-27T00:00:00,3863
2020-10-26T00:00:00,3859
2020-10-23T00:00:00,3864
2020-10-22T00:00:00,3864
2020-10-21T00:00:00,3860
2020-10-20T00:00:00,3853
2020-10-19T00:00:00,3853
2020-10-16T00:00:00,3844
2020-10-15T00:00:00,3827
2020-10-14T00:00:00,3859
2020-10-13T00:00:00,3859
2020-10-12T00:00:00,3859
2020-10-09T00:00:00,3859
2020-10-08T00:00:00,3851
2020-10-07T00:00:00,3841
2020-10-06T00:00:00,3841
2020-10-05T00:00:00,3825
2020-10-02T00:00:00,3854
2020-10-01T00:00:00,3854
2020-09-30T00:00:00,3904
2020-09-29T00:00:00,3882
2020-09-28T00:00:00,3912
2020-09-25T00:00:00,3912
2020-09-24T00:00:00,3912
2020-09-23T00:00:00,3912
2020-09-22T00:00:00,3912
2020-09-21T00:00:00,3912
2020-09-18T00:00:00,3864
2020-09-17T00:00:00,3884
2020-09-16T00:00:00,3852
2020-09-15T00:00:00,3797
2020-09-14T00:00:00,3723
2020-09-11T00:00:00,3722
2020-09-10T00:00:00,3722
2020-09-09T00:00:00,3714
2020-09-08T00:00:00,3364
2020-09-07T00:00:00,3364
2020-09-04T00:00:00,3364
2020-09-03T00:00:00,3364
2020-09-02T00:00:00,3364
2020-09-01T00:00:00,3364
2020-08-31T00:00:00,3364
2020-08-28T00:00:00,3349
2020-08-27T00:00:00,3347
2020-08-26T00:00:00,3349
2020-08-25T00:00:00,3296
2020-08-24T00:00:00,3296
2020-08-21T00:00:00,3232
2020-08-20T00:00:00,3232
2020-08-19T00:00:00,3232
2020-08-18T00:00:00,3082
2020-08-17T00:00:00,3069
2020-08-14T00:00:00,3069
2020-08-13T00:00:00,3069
2020-08-12T00:00:00,3069
2020-08-11T00:00:00,3091
2020-08-10T00:00:00,3097
2020-08-07T00:00:00,3097
2020-08-06T00:00:00,3097
2020-08-05T00:00:00,3097
2020-08-04T00:00:00,3097
2020-08-03T00:00:00,3100
2020-07-31T00:00:00,2681
2020-07-30T00:00:00,2689
2020-07-29T00:00:00,2668
2020-07-28T00:00:00,2656
2020-07-27T00:00:00,2656
2020-07-24T00:00:00,2641
2020-07-23T00:00:00,2648
2020-07-22T00:00:00,2735
2020-07-21T00:00:00,2737
2020-07-20T00:00:00,2737
2020-07-17T00:00:00,2737
2020-07-16T00:00:00,2744
2020-07-15T00:00:00,2716
2020-07-14T00:00:00,2766
2020-07-13T00:00:00,2799
2020-07-10T00:00:00,2799
2020-07-09T00:00:00,2845
2020-07-08T00:00:00,2864
2020-07-07T00:00:00,2936
2020-07-06T00:00:00,2936
2020-07-03T00:00:00,2936
2020-07-02T00:00:00,2973
2020-07-01T00:00:00,2959
2020-06-30T00:00:00,2455
2020-06-29T00:00:00,2455
2020-06-26T00:00:00,2442
2020-06-25T00:00:00,2442
2020-06-24T00:00:00,2425
2020-06-23T00:00:00,2425
2020-06-22T00:00:00,2425
2020-06-19T00:00:00,2425
2020-06-18T00:00:00,2404
2020-06-17T00:00:00,2281
2020-06-16T00:00:00,2281
2020-06-15T00:00:00,2313
2020-06-12T00:00:00,2018
2020-06-11T00:00:00,2018
2020-06-10T00:00:00,2018
2020-06-09T00:00:00,2066
2020-06-08T00:00:00,2037
2020-06-05T00:00:00,1917
2020-06-04T00:00:00,1917
2020-06-03T00:00:00,1917
2020-06-02T00:00:00,1656
2020-05-29T00:00:00,1656
2020-05-28T00:00:00,1695
2020-05-27T00:00:00,1695
2020-05-26T00:00:00,1695
2020-05-25T00:00:00,1695
2020-05-22T00:00:00,1721
2020-05-20T00:00:00,1721
2020-05-19T00:00:00,1886
2020-05-18T00:00:00,1886
2020-05-15T00:00:00,1818
2020-05-14T00:00:00,1745
2020-05-13T00:00:00,1770
2020-05-12T00:00:00,1781
2020-05-11T00:00:00,1781
2020-05-08T00:00:00,1781
2020-05-07T00:00:00,1781
2020-05-06T00:00:00,1781
2020-05-05T00:00:00,1781
2020-05-04T00:00:00,1761
2020-04-30T00:00:00,1468
2020-04-29T00:00:00,1463
2020-04-28T00:00:00,1463
2020-04-27T00:00:00,1466
2020-04-24T00:00:00,1466
2020-04-23T00:00:00,1473
2020-04-22T00:00:00,1433
2020-04-21T00:00:00,1433
2020-04-20T00:00:00,1395
2020-04-17T00:00:00,1395
2020-04-16T00:00:00,1351
2020-04-15T00:00:00,1351
2020-04-14T00:00:00,1528
2020-04-08T00:00:00,1530
2020-04-07T00:00:00,1530
2020-04-06T00:00:00,1539
2020-04-03T00:00:00,1532
2020-04-02T00:00:00,1480
2020-04-01T00:00:00,1405
2020-03-31T00:00:00,1434
2020-03-30T00:00:00,1434
2020-03-27T00:00:00,1450
2020-03-26T00:00:00,1450
2020-03-25T00:00:00,1450
2020-03-24T00:00:00,1450
2020-03-23T00:00:00,1412
2020-03-20T00:00:00,1412
2020-03-19T00:00:00,1362
2020-03-18T00:00:00,1343
2020-03-17T00:00:00,1343
2020-03-16T00:00:00,1375
2020-03-13T00:00:00,1375
2020-03-12T00:00:00,1375
2020-03-11T00:00:00,1375
2020-03-10T00:00:00,1375
2020-03-09T00:00:00,1375
2020-03-06T00:00:00,1375
2020-03-05T00:00:00,1375
2020-03-04T00:00:00,1379
2020-03-03T00:00:00,1374
2020-03-02T00:00:00,1380
2020-02-28T00:00:00,1333
2020-02-27T00:00:00,1289
2020-02-26T00:00:00,1289
2020-02-25T00:00:00,1289
2020-02-24T00:00:00,1289
2020-02-21T00:00:00,1289
2020-02-20T00:00:00,1295
2020-02-19T00:00:00,1295
2020-02-18T00:00:00,1285
2020-02-17T00:00:00,1298
2020-02-14T00:00:00,1400
2020-02-13T00:00:00,1400
2020-02-12T00:00:00,1400
2020-02-11T00:00:00,1400
2020-02-10T00:00:00,1400
2020-02-07T00:00:00,1438
2020-02-06T00:00:00,1438
2020-02-05T00:00:00,1409
2020-02-04T00:00:00,1409
2020-02-03T00:00:00,1409
2020-01-31T00:00:00,1479
2020-01-30T00:00:00,1482
2020-01-29T00:00:00,1467
2020-01-28T00:00:00,1467
2020-01-27T00:00:00,1467
2020-01-24T00:00:00,1460
2020-01-23T00:00:00,1460
2020-01-22T00:00:00,1458
2020-01-21T00:00:00,1510
2020-01-20T00:00:00,1507
2020-01-17T00:00:00,1497
2020-01-16T00:00:00,1497
2020-01-15T00:00:00,1497
2020-01-14T00:00:00,1570
2020-01-13T00:00:00,1570
2020-01-10T00:00:00,1570
2020-01-09T00:00:00,1571
2020-01-08T00:00:00,1490
2020-01-07T00:00:00,1490
2020-01-06T00:00:00,1420
2020-01-03T00:00:00,1420
2020-01-02T00:00:00,1420
2019-12-30T00:00:00,1420
2019-12-27T00:00:00,1420
2019-12-23T00:00:00,1420
2019-12-20T00:00:00,1420
2019-12-19T00:00:00,1420
2019-12-18T00:00:00,1421
2019-12-17T00:00:00,1393
2019-12-16T00:00:00,1434
2019-12-13T00:00:00,1472
2019-12-12T00:00:00,1489
2019-12-11T00:00:00,1490
2019-12-10T00:00:00,1490
2019-12-09T00:00:00,1580
2019-12-06T00:00:00,1580
2019-12-05T00:00:00,1580
2019-12-04T00:00:00,1580
2019-12-03T00:00:00,1616
2019-12-02T00:00:00,1619
2019-11-29T00:00:00,1316
2019-11-28T00:00:00,1317
2019-11-27T00:00:00,1317
2019-11-26T00:00:00,1317
2019-11-25T00:00:00,1332
2019-11-22T00:00:00,1332
2019-11-21T00:00:00,1415
2019-11-20T00:00:00,1415
2019-11-19T00:00:00,1415
2019-11-18T00:00:00,1448
2019-11-15T00:00:00,1518
2019-11-14T00:00:00,1614
2019-11-13T00:00:00,1614
2019-11-12T00:00:00,1614
2019-11-11T00:00:00,1614
2019-11-08T00:00:00,1577
2019-11-07T00:00:00,1567
2019-11-06T00:00:00,1567
2019-11-05T00:00:00,1567
2019-11-04T00:00:00,1567
2019-11-01T00:00:00,1580
2019-10-31T00:00:00,1304
2019-10-30T00:00:00,1304
2019-10-29T00:00:00,1304
2019-10-28T00:00:00,1297
2019-10-25T00:00:00,1271
2019-10-24T00:00:00,1271
2019-10-23T00:00:00,1271
2019-10-22T00:00:00,1271
2019-10-21T00:00:00,1279
2019-10-18T00:00:00,1313
2019-10-17T00:00:00,1329
2019-10-16T00:00:00,1329
2019-10-15T00:00:00,1329
2019-10-14T00:00:00,1253
2019-10-11T00:00:00,1293
2019-10-10T00:00:00,1342
2019-10-09T00:00:00,1342
2019-10-08T00:00:00,1342
2019-10-07T00:00:00,1392
2019-10-04T00:00:00,1384
2019-10-03T00:00:00,1471
2019-10-02T00:00:00,1497
2019-10-01T00:00:00,1414
2019-09-30T00:00:00,1414
2019-09-27T00:00:00,1406
2019-09-26T00:00:00,1406
2019-09-25T00:00:00,1408
2019-09-24T00:00:00,1408
2019-09-23T00:00:00,1408
2019-09-20T00:00:00,1411
2019-09-19T00:00:00,1411
2019-09-18T00:00:00,1410
2019-09-17T00:00:00,1407
2019-09-16T00:00:00,1407
2019-09-13T00:00:00,1547
2019-09-12T00:00:00,1547
2019-09-11T00:00:00,1564
2019-09-10T00:00:00,1564
2019-09-09T00:00:00,1564
2019-09-06T00:00:00,1616
2019-09-05T00:00:00,1628
2019-09-04T00:00:00,1621
2019-09-03T00:00:00,1621
2019-09-02T00:00:00,1363
2019-08-30T00:00:00,1363
2019-08-29T00:00:00,1402
2019-08-28T00:00:00,1408
2019-08-27T00:00:00,1408
2019-08-26T00:00:00,1408
2019-08-23T00:00:00,1362
2019-08-22T00:00:00,1384
2019-08-21T00:00:00,1384
2019-08-20T00:00:00,1406
2019-08-19T00:00:00,1416
2019-08-16T00:00:00,1424
2019-08-15T00:00:00,1423
2019-08-14T00:00:00,1654
2019-08-13T00:00:00,1666
2019-08-12T00:00:00,1666
2019-08-09T00:00:00,1668
2019-08-08T00:00:00,1674
2019-08-07T00:00:00,1674
2019-08-06T00:00:00,1661
2019-08-05T00:00:00,1661
2019-08-02T00:00:00,1681
2019-08-01T00:00:00,1692
2019-07-31T00:00:00,1497
2019-07-30T00:00:00,1496
2019-07-29T00:00:00,1496
2019-07-26T00:00:00,1506
2019-07-25T00:00:00,1524
2019-07-24T00:00:00,1604
2019-07-23T00:00:00,1619
2019-07-22T00:00:00,1626
2019-07-19T00:00:00,1633
2019-07-18T00:00:00,1647
2019-07-17T00:00:00,1676
2019-07-16T00:00:00,1661
2019-07-15T00:00:00,1647
2019-07-12T00:00:00,1643
2019-07-11T00:00:00,1662
2019-07-10T00:00:00,1650
2019-07-09T00:00:00,1622
2019-07-08T00:00:00,1646
2019-07-05T00:00:00,1609
2019-07-04T00:00:00,1550
2019-07-03T00:00:00,1550
2019-07-02T00:00:00,1588
2019-07-01T00:00:00,1569
2019-06-28T00:00:00,1391
2019-06-27T00:00:00,1380
2019-06-26T00:00:00,1396
2019-06-25T00:00:00,1373
2019-06-24T00:00:00,1383
2019-06-21T00:00:00,1407
2019-06-20T00:00:00,1413
2019-06-19T00:00:00,1393
2019-06-18T00:00:00,1393
2019-06-17T00:00:00,1393
2019-06-14T00:00:00,1420
2019-06-13T00:00:00,1420
2019-06-12T00:00:00,1423
2019-06-11T00:00:00,1429
2019-06-07T00:00:00,1434
2019-06-06T00:00:00,1434
2019-06-05T00:00:00,1420
2019-06-04T00:00:00,1420
2019-06-03T00:00:00,1416
2019-05-31T00:00:00,1345
2019-05-29T00:00:00,1354
2019-05-28T00:00:00,1390
2019-05-27T00:00:00,1386
2019-05-24T00:00:00,1389
2019-05-23T00:00:00,1389
2019-05-22T00:00:00,1408
2019-05-21T00:00:00,1427
2019-05-20T00:00:00,1445
2019-05-16T00:00:00,1447
2019-05-15T00:00:00,1447
2019-05-14T00:00:00,1515
2019-05-13T00:00:00,1502
2019-05-10T00:00:00,1503
2019-05-09T00:00:00,1554
2019-05-08T00:00:00,1554
2019-05-07T00:00:00,1585
2019-05-06T00:00:00,1584
2019-05-03T00:00:00,1582
2019-05-02T00:00:00,1584
2019-04-30T00:00:00,1592
2019-04-29T00:00:00,1622
2019-04-26T00:00:00,1630
2019-04-25T00:00:00,1682
2019-04-24T00:00:00,1685
2019-04-23T00:00:00,1685
2019-04-17T00:00:00,1700
2019-04-16T00:00:00,1713
2019-04-15T00:00:00,1731
2019-04-12T00:00:00,1686
2019-04-11T00:00:00,1701
2019-04-10T00:00:00,1702
2019-04-09T00:00:00,1683
2019-04-08T00:00:00,1683
2019-04-05T00:00:00,1672
2019-04-04T00:00:00,1677
2019-04-03T00:00:00,1607
2019-04-02T00:00:00,1607
2019-04-01T00:00:00,1607
2019-03-29T00:00:00,1383
2019-03-28T00:00:00,1383
2019-03-27T00:00:00,1383
2019-03-26T00:00:00,1384
2019-03-25T00:00:00,1404
2019-03-22T00:00:00,1404
2019-03-21T00:00:00,1414
2019-03-20T00:00:00,1433
2019-03-19T00:00:00,1431
2019-03-18T00:00:00,1448
2019-03-15T00:00:00,1440
2019-03-14T00:00:00,1533
2019-03-13T00:00:00,1536
2019-03-12T00:00:00,1568
2019-03-11T00:00:00,1568
2019-03-08T00:00:00,1577
2019-03-07T00:00:00,1577
2019-03-06T00:00:00,1599
2019-03-05T00:00:00,1627
2019-03-04T00:00:00,1680
2019-03-01T00:00:00,1686
2019-02-28T00:00:00,1803
2019-02-27T00:00:00,1803
2019-02-26T00:00:00,1812
2019-02-25T00:00:00,1836
2019-02-22T00:00:00,1843
2019-02-21T00:00:00,1858
2019-02-20T00:00:00,1868
2019-02-19T00:00:00,1855
2019-02-18T00:00:00,1869
2019-02-15T00:00:00,2056
2019-02-14T00:00:00,2047
2019-02-13T00:00:00,2051
2019-02-12T00:00:00,2084
2019-02-11T00:00:00,2091
2019-02-08T00:00:00,2105
2019-02-07T00:00:00,2105
2019-02-06T00:00:00,2105
2019-02-05T00:00:00,2157
2019-02-04T00:00:00,2157
2019-02-01T00:00:00,2157
2019-01-31T00:00:00,2217
2019-01-30T00:00:00,2217
2019-01-29T00:00:00,2242
2019-01-28T00:00:00,2242
2019-01-25T00:00:00,2239
2019-01-24T00:00:00,2239
2019-01-23T00:00:00,2274
2019-01-22T00:00:00,2325
2019-01-21T00:00:00,2325
2019-01-18T00:00:00,2325
2019-01-17T00:00:00,2319
2019-01-16T00:00:00,2270
2019-01-15T00:00:00,2223
2019-01-14T00:00:00,1953
2019-01-11T00:00:00,1953
2019-01-10T00:00:00,2017
2019-01-09T00:00:00,1932
2019-01-08T00:00:00,2002
2019-01-07T00:00:00,2197
2019-01-04T00:00:00,2215
2019-01-03T00:00:00,2012
2019-01-02T00:00:00,1679
2018-12-28T00:00:00,1879
2018-12-27T00:00:00,1936
2018-12-21T00:00:00,1978
2018-12-20T00:00:00,1978
2018-12-19T00:00:00,1943
2018-12-18T00:00:00,1941
2018-12-17T00:00:00,1927
2018-12-14T00:00:00,2066
2018-12-13T00:00:00,2075
2018-12-12T00:00:00,2077
2018-12-11T00:00:00,2082
2018-12-10T00:00:00,2082
2018-12-07T00:00:00,2096
2018-12-06T00:00:00,2203
2018-12-05T00:00:00,2241
2018-12-04T00:00:00,2240
2018-12-03T00:00:00,2165
2018-11-30T00:00:00,2368
2018-11-29T00:00:00,2356
2018-11-28T00:00:00,2360
2018-11-27T00:00:00,2378
2018-11-26T00:00:00,2531
2018-11-23T00:00:00,2530
2018-11-22T00:00:00,2530
2018-11-21T00:00:00,2530
2018-11-20T00:00:00,2532
2018-11-19T00:00:00,2575
2018-11-16T00:00:00,2663
2018-11-15T00:00:00,2658
2018-11-14T00:00:00,2656
2018-11-13T00:00:00,2664
2018-11-12T00:00:00,2664
2018-11-09T00:00:00,2672
2018-11-08T00:00:00,2672
2018-11-07T00:00:00,2666
2018-11-06T00:00:00,2666
2018-11-05T00:00:00,2666
2018-11-02T00:00:00,2667
2018-11-01T00:00:00,2692
2018-10-31T00:00:00,2578
2018-10-30T00:00:00,2578
2018-10-29T00:00:00,2578
2018-10-26T00:00:00,2578
2018-10-25T00:00:00,2578
2018-10-24T00:00:00,2578
2018-10-23T00:00:00,2574
2018-10-22T00:00:00,2574
2018-10-19T00:00:00,2574
2018-10-18T00:00:00,2574
2018-10-17T00:00:00,2553
2018-10-16T00:00:00,2505
2018-10-15T00:00:00,2528
2018-10-12T00:00:00,2370
2018-10-11T00:00:00,2370
2018-10-10T00:00:00,2370
2018-10-09T00:00:00,2370
2018-10-08T00:00:00,2364
2018-10-05T00:00:00,2367
2018-10-04T00:00:00,2399
2018-10-03T00:00:00,2427
2018-10-02T00:00:00,2427
2018-10-01T00:00:00,2427
2018-09-28T00:00:00,2343
2018-09-27T00:00:00,2348
2018-09-26T00:00:00,2348
2018-09-25T00:00:00,2325
2018-09-24T00:00:00,2325
2018-09-21T00:00:00,2334
2018-09-20T00:00:00,2334
2018-09-19T00:00:00,2333
2018-09-18T00:00:00,2326
2018-09-17T00:00:00,2326
2018-09-14T00:00:00,2309
2018-09-13T00:00:00,2309
2018-09-12T00:00:00,2309
2018-09-11T00:00:00,2305
2018-09-10T00:00:00,2305
2018-09-07T00:00:00,2272
2018-09-06T00:00:00,2220
2018-09-05T00:00:00,2198
2018-09-04T00:00:00,2198
2018-09-03T00:00:00,2198
2018-08-31T00:00:00,2087
2018-08-30T00:00:00,2084
2018-08-29T00:00:00,2084
2018-08-28T00:00:00,2084
2018-08-27T00:00:00,2084
2018-08-24T00:00:00,2090
2018-08-23T00:00:00,2160
2018-08-22T00:00:00,2171
2018-08-21T00:00:00,2240
2018-08-20T00:00:00,2240
2018-08-17T00:00:00,2240
2018-08-16T00:00:00,2231
2018-08-15T00:00:00,2284
2018-08-14T00:00:00,2166
2018-08-13T00:00:00,2172
2018-08-10T00:00:00,2185
2018-08-09T00:00:00,2116
2018-08-08T00:00:00,2116
2018-08-07T00:00:00,2116
2018-08-06T00:00:00,2116
2018-08-03T00:00:00,2244
2018-08-02T00:00:00,1995
2018-08-01T00:00:00,1995
2018-07-31T00:00:00,1576
2018-07-30T00:00:00,1578
2018-07-27T00:00:00,1578
2018-07-26T00:00:00,1578
2018-07-25T00:00:00,1578
2018-07-24T00:00:00,1578
2018-07-23T00:00:00,1578
2018-07-20T00:00:00,1580
2018-07-19T00:00:00,1584
2018-07-18T00:00:00,1567
2018-07-17T00:00:00,1565
2018-07-16T00:00:00,1551
2018-07-13T00:00:00,1599
2018-07-12T00:00:00,1640
2018-07-11T00:00:00,1650
2018-07-10T00:00:00,1650
2018-07-09T00:00:00,1650
2018-07-06T00:00:00,1875
2018-07-05T00:00:00,1832
2018-07-04T00:00:00,1832
2018-07-03T00:00:00,1891
2018-07-02T00:00:00,1861
2018-06-29T00:00:00,1340
2018-06-28T00:00:00,1339
2018-06-27T00:00:00,1338
2018-06-26T00:00:00,1338
2018-06-25T00:00:00,1391
2018-06-22T00:00:00,1421
2018-06-21T00:00:00,1441
2018-06-20T00:00:00,1451
2018-06-19T00:00:00,1458
2018-06-18T00:00:00,1458
2018-06-15T00:00:00,1468
2018-06-14T00:00:00,1478
2018-06-13T00:00:00,1499
2018-06-12T00:00:00,1517
2018-06-11T00:00:00,1517
2018-06-08T00:00:00,1533
2018-06-07T00:00:00,1540
2018-06-06T00:00:00,1550
2018-06-05T00:00:00,1515
2018-06-04T00:00:00,1532
2018-06-01T00:00:00,1870
2018-05-31T00:00:00,1316
2018-05-30T00:00:00,1316
2018-05-29T00:00:00,1274
2018-05-28T00:00:00,1274
2018-05-25T00:00:00,1292
2018-05-24T00:00:00,1299
2018-05-23T00:00:00,1330
2018-05-22T00:00:00,1294
2018-05-18T00:00:00,1292
2018-05-16T00:00:00,1309
2018-05-15T00:00:00,1405
2018-05-14T00:00:00,1388
2018-05-11T00:00:00,1388
2018-05-09T00:00:00,1388
2018-05-08T00:00:00,1388
2018-05-07T00:00:00,1394
2018-05-04T00:00:00,1403
2018-05-03T00:00:00,1403
2018-05-02T00:00:00,1402
2018-04-30T00:00:00,1172
2018-04-27T00:00:00,1172
2018-04-26T00:00:00,1160
2018-04-25T00:00:00,1160
2018-04-24T00:00:00,1163
2018-04-23T00:00:00,1163
2018-04-20T00:00:00,1177
2018-04-19T00:00:00,1186
2018-04-18T00:00:00,1187
2018-04-17T00:00:00,1186
2018-04-16T00:00:00,1172
2018-04-13T00:00:00,1083
2018-04-12T00:00:00,1105
2018-04-11T00:00:00,1105
2018-04-10T00:00:00,1115
2018-04-09T00:00:00,1138
2018-04-06T00:00:00,1162
2018-04-05T00:00:00,1212
2018-04-04T00:00:00,1216
2018-04-03T00:00:00,1222
2018-03-28T00:00:00,972
2018-03-27T00:00:00,974
2018-03-26T00:00:00,974
2018-03-23T00:00:00,984
2018-03-22T00:00:00,996
2018-03-21T00:00:00,1004
2018-03-20T00:00:00,1036
2018-03-19T00:00:00,1046
2018-03-16T00:00:00,1080
2018-03-15T00:00:00,1113
2018-03-14T00:00:00,1190
2018-03-13T00:00:00,1192
2018-03-12T00:00:00,1207
2018-03-09T00:00:00,1210
2018-03-08T00:00:00,1191
2018-03-07T00:00:00,1206
2018-03-06T00:00:00,1211
2018-03-05T00:00:00,1235
2018-03-02T00:00:00,1260
2018-03-01T00:00:00,1270
2018-02-28T00:00:00,1387
2018-02-27T00:00:00,1394
2018-02-26T00:00:00,1408
2018-02-23T00:00:00,1443
2018-02-22T00:00:00,1445
2018-02-21T00:00:00,1430
2018-02-20T00:00:00,1430
2018-02-19T00:00:00,1430
2018-02-16T00:00:00,1460
2018-02-15T00:00:00,1460
2018-02-14T00:00:00,1516
2018-02-13T00:00:00,1523
2018-02-12T00:00:00,1536
2018-02-09T00:00:00,1534
2018-02-08T00:00:00,1558
2018-02-07T00:00:00,1558
2018-02-06T00:00:00,1566
2018-02-05T00:00:00,1596
2018-02-02T00:00:00,1657
2018-02-01T00:00:00,1657
2018-01-31T00:00:00,1492
2018-01-30T00:00:00,1492
2018-01-29T00:00:00,1492
2018-01-26T00:00:00,1492
2018-01-25T00:00:00,1492
2018-01-24T00:00:00,1492
2018-01-23T00:00:00,1478
2018-01-22T00:00:00,1477
2018-01-19T00:00:00,1337
2018-01-18T00:00:00,1337
2018-01-17T00:00:00,1350
2018-01-16T00:00:00,1331
2018-01-15T00:00:00,1360
2018-01-12T00:00:00,1428
2018-01-11T00:00:00,1434
2018-01-10T00:00:00,1435
2018-01-09T00:00:00,1455
2018-01-08T00:00:00,1483
2018-01-05T00:00:00,1489
2018-01-04T00:00:00,1496
2018-01-03T00:00:00,1512
2018-01-02T00:00:00,1357
2017-12-29T00:00:00,1184
2017-12-28T00:00:00,1196
2017-12-27T00:00:00,1196
2017-12-22T00:00:00,1196
2017-12-21T00:00:00,1203
2017-12-20T00:00:00,1189
2017-12-19T00:00:00,1200
2017-12-18T00:00:00,1209
2017-12-15T00:00:00,1178
2017-12-14T00:00:00,1165
2017-12-13T00:00:00,1165
2017-12-12T00:00:00,1167
2017-12-11T00:00:00,1167
2017-12-08T00:00:00,1167
2017-12-07T00:00:00,1176
2017-12-06T00:00:00,1181
2017-12-05T00:00:00,1168
2017-12-04T00:00:00,1181
2017-12-01T00:00:00,1189
2017-11-30T00:00:00,1105
2017-11-29T00:00:00,1105
2017-11-28T00:00:00,1110
2017-11-27T00:00:00,1113
2017-11-24T00:00:00,1133
2017-11-23T00:00:00,1178
2017-11-22T00:00:00,1177
2017-11-21T00:00:00,1240
2017-11-20T00:00:00,1252
2017-11-17T00:00:00,1352
2017-11-16T00:00:00,1447
2017-11-15T00:00:00,1447
2017-11-14T00:00:00,1508
2017-11-13T00:00:00,1508
2017-11-10T00:00:00,1537
2017-11-09T00:00:00,1537
2017-11-08T00:00:00,1532
2017-11-07T00:00:00,1582
2017-11-06T00:00:00,1582
2017-11-03T00:00:00,1615
2017-11-02T00:00:00,1639
2017-11-01T00:00:00,1622
2017-10-31T00:00:00,1343
2017-10-30T00:00:00,1348
2017-10-27T00:00:00,1348
2017-10-26T00:00:00,1347
2017-10-25T00:00:00,1347
2017-10-24T00:00:00,1347
2017-10-23T00:00:00,1352
2017-10-20T00:00:00,1352
2017-10-19T00:00:00,1329
2017-10-18T00:00:00,1329
2017-10-17T00:00:00,1512
2017-10-16T00:00:00,1520
2017-10-13T00:00:00,1409
2017-10-12T00:00:00,1411
2017-10-11T00:00:00,1411
2017-10-10T00:00:00,1396
2017-10-09T00:00:00,1396
2017-10-06T00:00:00,1403
2017-10-05T00:00:00,1377
2017-10-04T00:00:00,1377
2017-10-03T00:00:00,1377
2017-10-02T00:00:00,1391
2017-09-29T00:00:00,1445
2017-09-28T00:00:00,1444
2017-09-27T00:00:00,1456
2017-09-26T00:00:00,1464
2017-09-25T00:00:00,1506
2017-09-22T00:00:00,1557
2017-09-21T00:00:00,1581
2017-09-20T00:00:00,1581
2017-09-19T00:00:00,1593
2017-09-18T00:00:00,1570
2017-09-15T00:00:00,1570
2017-09-14T00:00:00,1480
2017-09-13T00:00:00,1480
2017-09-12T00:00:00,1480
2017-09-11T00:00:00,1480
2017-09-08T00:00:00,1482
2017-09-07T00:00:00,1483
2017-09-06T00:00:00,1487
2017-09-05T00:00:00,1487
2017-09-04T00:00:00,1487
2017-09-01T00:00:00,1490
2017-08-31T00:00:00,1505
2017-08-30T00:00:00,1505
2017-08-29T00:00:00,1505
2017-08-28T00:00:00,1505
2017-08-25T00:00:00,1521
2017-08-24T00:00:00,1626
2017-08-23T00:00:00,1628
2017-08-22T00:00:00,1630
2017-08-21T00:00:00,1680
2017-08-18T00:00:00,1696
2017-08-17T00:00:00,1696
2017-08-16T00:00:00,1696
2017-08-15T00:00:00,1696
2017-08-14T00:00:00,1612
2017-08-11T00:00:00,1605
2017-08-10T00:00:00,1627
2017-08-09T00:00:00,1627
2017-08-08T00:00:00,1637
2017-08-07T00:00:00,1649
2017-08-04T00:00:00,1656
2017-08-03T00:00:00,1667
2017-08-02T00:00:00,1654
2017-08-01T00:00:00,1654
2017-07-31T00:00:00,1274
2017-07-28T00:00:00,1274
2017-07-27T00:00:00,1282
2017-07-26T00:00:00,1358
2017-07-25T00:00:00,1398
2017-07-24T00:00:00,1398
2017-07-21T00:00:00,1398
2017-07-20T00:00:00,1398
2017-07-19T00:00:00,1398
2017-07-18T00:00:00,1398
2017-07-17T00:00:00,1398
2017-07-14T00:00:00,1383
2017-07-13T00:00:00,1384
2017-07-12T00:00:00,1351
2017-07-11T00:00:00,1360
2017-07-10T00:00:00,1364
2017-07-07T00:00:00,1362
2017-07-06T00:00:00,1379
2017-07-05T00:00:00,1337
2017-07-04T00:00:00,1336
2017-07-03T00:00:00,1326
2017-06-30T00:00:00,1172
2017-06-29T00:00:00,1167
2017-06-28T00:00:00,1167
2017-06-27T00:00:00,1167
2017-06-26T00:00:00,1167
2017-06-23T00:00:00,1168
2017-06-22T00:00:00,1193
2017-06-21T00:00:00,1193
2017-06-20T00:00:00,1192
2017-06-19T00:00:00,1196
2017-06-16T00:00:00,1219
2017-06-15T00:00:00,1253
2017-06-14T00:00:00,1292
2017-06-13T00:00:00,1296
2017-06-12T00:00:00,1300
2017-06-09T00:00:00,1333
2017-06-08T00:00:00,1342
2017-06-07T00:00:00,1363
2017-06-06T00:00:00,1368
2017-06-02T00:00:00,1480
2017-06-01T00:00:00,1486
2017-05-31T00:00:00,1315
2017-05-30T00:00:00,1320
2017-05-29T00:00:00,1320
2017-05-26T00:00:00,1320
2017-05-24T00:00:00,1320
2017-05-23T00:00:00,1333
2017-05-22T00:00:00,1337
2017-05-19T00:00:00,1390
2017-05-18T00:00:00,1407
2017-05-16T00:00:00,1425
2017-05-15T00:00:00,1464
2017-05-12T00:00:00,1531
2017-05-11T00:00:00,1552
2017-05-10T00:00:00,1552
2017-05-09T00:00:00,1561
2017-05-08T00:00:00,1575
2017-05-05T00:00:00,1613
2017-05-04T00:00:00,1635
2017-05-03T00:00:00,1649
2017-05-02T00:00:00,1651
2017-04-28T00:00:00,1342
2017-04-27T00:00:00,1342
2017-04-26T00:00:00,1342
2017-04-25T00:00:00,1340
2017-04-24T00:00:00,1340
2017-04-21T00:00:00,1352
2017-04-20T00:00:00,1353
2017-04-19T00:00:00,1353
2017-04-18T00:00:00,1354
2017-04-12T00:00:00,1418
2017-04-11T00:00:00,1427
2017-04-10T00:00:00,1439
2017-04-07T00:00:00,1423
2017-04-06T00:00:00,1463
2017-04-05T00:00:00,1463
2017-04-04T00:00:00,1439
2017-04-03T00:00:00,1439
2017-03-31T00:00:00,1286
2017-03-30T00:00:00,1286
2017-03-29T00:00:00,1286
2017-03-28T00:00:00,1286
2017-03-27T00:00:00,1286
2017-03-24T00:00:00,1385
2017-03-23T00:00:00,1437
2017-03-22T00:00:00,1439
2017-03-21T00:00:00,1439
2017-03-20T00:00:00,1443
2017-03-17T00:00:00,1427
2017-03-16T00:00:00,1432
2017-03-15T00:00:00,1472
2017-03-14T00:00:00,1477
2017-03-13T00:00:00,1523
2017-03-10T00:00:00,1554
2017-03-09T00:00:00,1553
2017-03-08T00:00:00,1552
2017-03-07T00:00:00,1577
2017-03-06T00:00:00,1594
2017-03-03T00:00:00,1541
2017-03-02T00:00:00,1549
2017-03-01T00:00:00,1549
2017-02-28T00:00:00,1655
2017-02-27T00:00:00,1669
2017-02-24T00:00:00,1756
2017-02-23T00:00:00,1773
2017-02-22T00:00:00,1785
2017-02-21T00:00:00,1809
2017-02-20T00:00:00,1826
2017-02-17T00:00:00,1857
2017-02-16T00:00:00,1867
2017-02-15T00:00:00,1876
2017-02-14T00:00:00,1938
2017-02-13T00:00:00,1955
2017-02-10T00:00:00,1996
2017-02-09T00:00:00,2010
2017-02-08T00:00:00,2080
2017-02-07T00:00:00,2123
2017-02-06T00:00:00,2105
2017-02-03T00:00:00,2119
2017-02-02T00:00:00,2121
2017-02-01T00:00:00,2104
2017-01-31T00:00:00,2153
2017-01-30T00:00:00,2153
2017-01-27T00:00:00,2145
2017-01-26T00:00:00,2146
2017-01-25T00:00:00,2146
2017-01-24T00:00:00,2146
2017-01-23T00:00:00,2146
2017-01-20T00:00:00,2139
2017-01-19T00:00:00,2153
2017-01-18T00:00:00,2191
2017-01-17T00:00:00,2191
2017-01-16T00:00:00,2191
2017-01-13T00:00:00,2054
2017-01-12T00:00:00,2044
2017-01-11T00:00:00,2052
2017-01-10T00:00:00,2052
2017-01-09T00:00:00,2052
2017-01-06T00:00:00,2063
2017-01-05T00:00:00,2120
2017-01-04T00:00:00,2120
2017-01-03T00:00:00,2115
2017-01-02T00:00:00,2136
2016-12-30T00:00:00,1590
2016-12-29T00:00:00,1589
2016-12-28T00:00:00,1586
2016-12-27T00:00:00,1586
2016-12-23T00:00:00,1586
2016-12-22T00:00:00,1589
2016-12-21T00:00:00,1589
2016-12-20T00:00:00,1589
2016-12-19T00:00:00,1595
2016-12-16T00:00:00,1608
2016-12-15T00:00:00,1595
2016-12-14T00:00:00,1405
2016-12-13T00:00:00,1400
2016-12-12T00:00:00,1400
2016-12-09T00:00:00,1446
2016-12-08T00:00:00,1470
2016-12-07T00:00:00,1470
2016-12-06T00:00:00,1470
2016-12-05T00:00:00,1488
2016-12-02T00:00:00,1502
2016-12-01T00:00:00,1504
2016-11-30T00:00:00,1545
2016-11-29T00:00:00,1581
2016-11-28T00:00:00,1581
2016-11-25T00:00:00,1606
2016-11-24T00:00:00,1723
2016-11-23T00:00:00,1723
2016-11-22T00:00:00,1723
2016-11-21T00:00:00,1750
2016-11-18T00:00:00,1788
2016-11-17T00:00:00,1790
2016-11-16T00:00:00,1838
2016-11-15T00:00:00,1838
2016-11-14T00:00:00,1838
2016-11-11T00:00:00,1838
2016-11-10T00:00:00,1843
2016-11-09T00:00:00,1818
2016-11-08T00:00:00,1818
2016-11-07T00:00:00,1779
