Date,XSICUWFE
2025-09-19T00:00:00,673
2025-09-18T00:00:00,679
2025-09-17T00:00:00,679
2025-09-16T00:00:00,679
2025-09-15T00:00:00,681
2025-09-12T00:00:00,681
2025-09-11T00:00:00,680
2025-09-10T00:00:00,681
2025-09-09T00:00:00,681
2025-09-08T00:00:00,681
2025-09-05T00:00:00,683
2025-09-04T00:00:00,681
2025-09-03T00:00:00,671
2025-09-02T00:00:00,673
2025-09-01T00:00:00,668
2025-08-29T00:00:00,655
2025-08-28T00:00:00,655
2025-08-27T00:00:00,651
2025-08-26T00:00:00,632
2025-08-25T00:00:00,632
2025-08-22T00:00:00,642
2025-08-21T00:00:00,634
2025-08-20T00:00:00,634
2025-08-19T00:00:00,634
2025-08-18T00:00:00,632
2025-08-15T00:00:00,632
2025-08-14T00:00:00,631
2025-08-13T00:00:00,631
2025-08-12T00:00:00,631
2025-08-11T00:00:00,635
2025-08-08T00:00:00,632
2025-08-07T00:00:00,639
2025-08-06T00:00:00,638
2025-08-05T00:00:00,637
2025-08-04T00:00:00,637
2025-08-01T00:00:00,638
2025-07-31T00:00:00,642
2025-07-30T00:00:00,640
2025-07-29T00:00:00,630
2025-07-28T00:00:00,630
2025-07-25T00:00:00,634
2025-07-24T00:00:00,634
2025-07-23T00:00:00,637
2025-07-22T00:00:00,637
2025-07-21T00:00:00,639
2025-07-18T00:00:00,641
2025-07-17T00:00:00,646
2025-07-16T00:00:00,646
2025-07-15T00:00:00,649
2025-07-14T00:00:00,648
2025-07-11T00:00:00,648
2025-07-10T00:00:00,652
2025-07-09T00:00:00,652
2025-07-08T00:00:00,649
2025-07-07T00:00:00,610
2025-07-04T00:00:00,614
2025-07-03T00:00:00,614
2025-07-02T00:00:00,622
2025-07-01T00:00:00,622
2025-06-30T00:00:00,641
2025-06-27T00:00:00,641
2025-06-26T00:00:00,645
2025-06-25T00:00:00,634
2025-06-24T00:00:00,634
2025-06-23T00:00:00,634
2025-06-20T00:00:00,634
2025-06-19T00:00:00,635
2025-06-18T00:00:00,635
2025-06-17T00:00:00,635
2025-06-16T00:00:00,640
2025-06-13T00:00:00,637
2025-06-12T00:00:00,638
2025-06-11T00:00:00,638
2025-06-10T00:00:00,632
2025-06-06T00:00:00,635
2025-06-05T00:00:00,631
2025-06-04T00:00:00,631
2025-06-03T00:00:00,635
2025-06-02T00:00:00,643
2025-05-30T00:00:00,635
2025-05-28T00:00:00,636
2025-05-27T00:00:00,636
2025-05-26T00:00:00,635
2025-05-23T00:00:00,629
2025-05-22T00:00:00,629
2025-05-21T00:00:00,629
2025-05-20T00:00:00,631
2025-05-19T00:00:00,631
2025-05-16T00:00:00,631
2025-05-15T00:00:00,627
2025-05-14T00:00:00,615
2025-05-13T00:00:00,614
2025-05-12T00:00:00,603
2025-05-09T00:00:00,603
2025-05-08T00:00:00,623
2025-05-07T00:00:00,623
2025-05-06T00:00:00,623
2025-05-05T00:00:00,626
2025-05-02T00:00:00,626
2025-04-30T00:00:00,614
2025-04-29T00:00:00,626
2025-04-28T00:00:00,628
2025-04-25T00:00:00,628
2025-04-24T00:00:00,625
2025-04-23T00:00:00,632
2025-04-22T00:00:00,631
2025-04-16T00:00:00,615
2025-04-15T00:00:00,614
2025-04-14T00:00:00,616
2025-04-11T00:00:00,615
2025-04-10T00:00:00,625
2025-04-09T00:00:00,634
2025-04-08T00:00:00,639
2025-04-07T00:00:00,648
2025-04-04T00:00:00,648
2025-04-03T00:00:00,635
2025-04-02T00:00:00,635
2025-04-01T00:00:00,637
2025-03-31T00:00:00,620
2025-03-28T00:00:00,620
2025-03-27T00:00:00,620
2025-03-26T00:00:00,620
2025-03-25T00:00:00,620
2025-03-24T00:00:00,620
2025-03-21T00:00:00,616
2025-03-20T00:00:00,617
2025-03-19T00:00:00,617
2025-03-18T00:00:00,617
2025-03-17T00:00:00,614
2025-03-14T00:00:00,615
2025-03-13T00:00:00,617
2025-03-12T00:00:00,617
2025-03-11T00:00:00,617
2025-03-10T00:00:00,617
2025-03-07T00:00:00,615
2025-03-06T00:00:00,627
2025-03-05T00:00:00,627
2025-03-04T00:00:00,627
2025-03-03T00:00:00,628
2025-02-28T00:00:00,631
2025-02-27T00:00:00,631
2025-02-26T00:00:00,630
2025-02-24T00:00:00,631
2025-02-21T00:00:00,630
2025-02-20T00:00:00,641
2025-02-19T00:00:00,636
2025-02-18T00:00:00,645
2025-02-17T00:00:00,645
2025-02-14T00:00:00,644
2025-02-13T00:00:00,647
2025-02-12T00:00:00,647
2025-02-11T00:00:00,647
2025-02-10T00:00:00,647
2025-02-07T00:00:00,645
2025-02-06T00:00:00,645
2025-02-05T00:00:00,653
2025-02-04T00:00:00,656
2025-02-03T00:00:00,656
2025-01-31T00:00:00,674
2025-01-30T00:00:00,674
2025-01-29T00:00:00,673
2025-01-28T00:00:00,673
2025-01-27T00:00:00,681
2025-01-24T00:00:00,660
2025-01-23T00:00:00,659
2025-01-22T00:00:00,661
2025-01-21T00:00:00,662
2025-01-20T00:00:00,665
2025-01-17T00:00:00,671
2025-01-16T00:00:00,673
2025-01-15T00:00:00,673
2025-01-14T00:00:00,699
2025-01-13T00:00:00,699
2025-01-10T00:00:00,699
2025-01-09T00:00:00,700
2025-01-08T00:00:00,694
2025-01-07T00:00:00,694
2025-01-06T00:00:00,694
2025-01-03T00:00:00,697
2025-01-02T00:00:00,694
2024-12-30T00:00:00,692
2024-12-27T00:00:00,692
2024-12-23T00:00:00,692
2024-12-20T00:00:00,692
2024-12-19T00:00:00,692
2024-12-18T00:00:00,691
2024-12-17T00:00:00,688
2024-12-16T00:00:00,685
2024-12-13T00:00:00,686
2024-12-12T00:00:00,685
2024-12-11T00:00:00,677
2024-12-10T00:00:00,676
2024-12-09T00:00:00,676
2024-12-06T00:00:00,675
2024-12-05T00:00:00,677
2024-12-04T00:00:00,677
2024-12-03T00:00:00,677
2024-12-02T00:00:00,680
2024-11-29T00:00:00,689
2024-11-28T00:00:00,692
2024-11-27T00:00:00,691
2024-11-26T00:00:00,691
2024-11-25T00:00:00,693
2024-11-22T00:00:00,693
2024-11-21T00:00:00,697
2024-11-20T00:00:00,697
2024-11-19T00:00:00,697
2024-11-18T00:00:00,702
2024-11-15T00:00:00,708
2024-11-14T00:00:00,722
2024-11-13T00:00:00,718
2024-11-12T00:00:00,701
2024-11-11T00:00:00,701
2024-11-08T00:00:00,699
2024-11-07T00:00:00,708
2024-11-06T00:00:00,706
2024-11-05T00:00:00,706
2024-11-04T00:00:00,706
2024-11-01T00:00:00,702
2024-10-31T00:00:00,693
2024-10-30T00:00:00,701
2024-10-29T00:00:00,701
2024-10-28T00:00:00,701
2024-10-25T00:00:00,699
2024-10-24T00:00:00,699
2024-10-23T00:00:00,694
2024-10-22T00:00:00,695
2024-10-21T00:00:00,697
2024-10-18T00:00:00,697
2024-10-17T00:00:00,700
2024-10-16T00:00:00,700
2024-10-15T00:00:00,708
2024-10-14T00:00:00,698
2024-10-11T00:00:00,701
2024-10-10T00:00:00,714
2024-10-09T00:00:00,714
2024-10-08T00:00:00,707
2024-10-07T00:00:00,705
2024-10-04T00:00:00,704
2024-10-03T00:00:00,712
2024-10-02T00:00:00,723
2024-10-01T00:00:00,738
2024-09-30T00:00:00,649
2024-09-27T00:00:00,646
2024-09-26T00:00:00,646
2024-09-25T00:00:00,646
2024-09-24T00:00:00,649
2024-09-23T00:00:00,649
2024-09-20T00:00:00,648
2024-09-19T00:00:00,648
2024-09-18T00:00:00,646
2024-09-17T00:00:00,646
2024-09-16T00:00:00,656
2024-09-13T00:00:00,655
2024-09-12T00:00:00,661
2024-09-11T00:00:00,695
2024-09-10T00:00:00,695
2024-09-09T00:00:00,695
2024-09-06T00:00:00,695
2024-09-05T00:00:00,695
2024-09-04T00:00:00,675
2024-09-03T00:00:00,681
2024-09-02T00:00:00,681
2024-08-30T00:00:00,659
2024-08-29T00:00:00,659
2024-08-28T00:00:00,666
2024-08-27T00:00:00,659
2024-08-26T00:00:00,661
2024-08-23T00:00:00,659
2024-08-22T00:00:00,659
2024-08-21T00:00:00,659
2024-08-20T00:00:00,663
2024-08-19T00:00:00,662
2024-08-16T00:00:00,685
2024-08-15T00:00:00,663
2024-08-14T00:00:00,666
2024-08-13T00:00:00,664
2024-08-12T00:00:00,660
2024-08-09T00:00:00,660
2024-08-08T00:00:00,662
2024-08-07T00:00:00,660
2024-08-06T00:00:00,673
2024-08-05T00:00:00,677
2024-08-02T00:00:00,677
2024-08-01T00:00:00,677
2024-07-31T00:00:00,687
2024-07-30T00:00:00,689
2024-07-29T00:00:00,689
2024-07-26T00:00:00,691
2024-07-25T00:00:00,685
2024-07-24T00:00:00,685
2024-07-23T00:00:00,693
2024-07-22T00:00:00,688
2024-07-19T00:00:00,715
2024-07-18T00:00:00,714
2024-07-17T00:00:00,715
2024-07-16T00:00:00,715
2024-07-15T00:00:00,722
2024-07-12T00:00:00,731
2024-07-11T00:00:00,731
2024-07-10T00:00:00,736
2024-07-09T00:00:00,731
2024-07-08T00:00:00,747
2024-07-05T00:00:00,747
2024-07-04T00:00:00,743
2024-07-03T00:00:00,743
2024-07-02T00:00:00,725
2024-07-01T00:00:00,689
2024-06-28T00:00:00,674
2024-06-27T00:00:00,674
2024-06-26T00:00:00,673
2024-06-25T00:00:00,673
2024-06-24T00:00:00,673
2024-06-21T00:00:00,680
2024-06-20T00:00:00,682
2024-06-19T00:00:00,690
2024-06-18T00:00:00,690
2024-06-17T00:00:00,690
2024-06-14T00:00:00,684
2024-06-13T00:00:00,688
2024-06-12T00:00:00,688
2024-06-11T00:00:00,693
2024-06-10T00:00:00,699
2024-06-07T00:00:00,698
2024-06-06T00:00:00,704
2024-06-05T00:00:00,705
2024-06-04T00:00:00,704
2024-06-03T00:00:00,704
2024-05-31T00:00:00,691
2024-05-30T00:00:00,691
2024-05-29T00:00:00,698
2024-05-28T00:00:00,698
2024-05-27T00:00:00,703
2024-05-24T00:00:00,703
2024-05-23T00:00:00,704
2024-05-22T00:00:00,705
2024-05-21T00:00:00,699
2024-05-16T00:00:00,718
2024-05-15T00:00:00,718
2024-05-14T00:00:00,723
2024-05-13T00:00:00,723
2024-05-10T00:00:00,737
2024-05-08T00:00:00,745
2024-05-07T00:00:00,749
2024-05-06T00:00:00,787
2024-05-03T00:00:00,787
2024-05-02T00:00:00,800
2024-04-30T00:00:00,770
2024-04-29T00:00:00,770
2024-04-26T00:00:00,770
2024-04-25T00:00:00,770
2024-04-24T00:00:00,772
2024-04-23T00:00:00,772
2024-04-22T00:00:00,768
2024-04-19T00:00:00,776
2024-04-18T00:00:00,780
2024-04-17T00:00:00,780
2024-04-16T00:00:00,788
2024-04-15T00:00:00,789
2024-04-12T00:00:00,765
2024-04-11T00:00:00,787
2024-04-10T00:00:00,787
2024-04-09T00:00:00,756
2024-04-08T00:00:00,758
2024-04-05T00:00:00,757
2024-04-04T00:00:00,768
2024-04-03T00:00:00,761
2024-04-02T00:00:00,754
2024-03-27T00:00:00,731
2024-03-26T00:00:00,731
2024-03-25T00:00:00,731
2024-03-22T00:00:00,721
2024-03-21T00:00:00,730
2024-03-20T00:00:00,730
2024-03-19T00:00:00,723
2024-03-18T00:00:00,738
2024-03-15T00:00:00,739
2024-03-14T00:00:00,747
2024-03-13T00:00:00,747
2024-03-12T00:00:00,747
2024-03-11T00:00:00,747
2024-03-08T00:00:00,755
2024-03-07T00:00:00,755
2024-03-06T00:00:00,759
2024-03-05T00:00:00,722
2024-03-04T00:00:00,722
2024-03-01T00:00:00,722
2024-02-29T00:00:00,719
2024-02-28T00:00:00,719
2024-02-27T00:00:00,719
2024-02-26T00:00:00,718
2024-02-23T00:00:00,718
2024-02-22T00:00:00,704
2024-02-21T00:00:00,704
2024-02-20T00:00:00,704
2024-02-19T00:00:00,706
2024-02-16T00:00:00,706
2024-02-15T00:00:00,705
2024-02-14T00:00:00,702
2024-02-13T00:00:00,700
2024-02-12T00:00:00,701
2024-02-09T00:00:00,698
2024-02-08T00:00:00,697
2024-02-07T00:00:00,697
2024-02-06T00:00:00,690
2024-02-05T00:00:00,693
2024-02-02T00:00:00,694
2024-02-01T00:00:00,692
2024-01-31T00:00:00,704
2024-01-30T00:00:00,706
2024-01-29T00:00:00,706
2024-01-26T00:00:00,707
2024-01-25T00:00:00,706
2024-01-24T00:00:00,706
2024-01-23T00:00:00,688
2024-01-22T00:00:00,702
2024-01-19T00:00:00,711
2024-01-18T00:00:00,719
2024-01-17T00:00:00,718
2024-01-16T00:00:00,718
2024-01-15T00:00:00,737
2024-01-12T00:00:00,733
2024-01-11T00:00:00,716
2024-01-10T00:00:00,725
2024-01-09T00:00:00,733
2024-01-08T00:00:00,755
2024-01-05T00:00:00,768
2024-01-04T00:00:00,788
2024-01-03T00:00:00,788
2024-01-02T00:00:00,775
2023-12-29T00:00:00,750
2023-12-28T00:00:00,750
2023-12-27T00:00:00,747
2023-12-22T00:00:00,747
2023-12-21T00:00:00,747
2023-12-20T00:00:00,747
2023-12-19T00:00:00,747
2023-12-18T00:00:00,747
2023-12-15T00:00:00,746
2023-12-14T00:00:00,744
2023-12-13T00:00:00,744
2023-12-12T00:00:00,748
2023-12-11T00:00:00,746
2023-12-08T00:00:00,742
2023-12-07T00:00:00,743
2023-12-06T00:00:00,743
2023-12-05T00:00:00,750
2023-12-04T00:00:00,730
2023-12-01T00:00:00,732
2023-11-30T00:00:00,744
2023-11-29T00:00:00,744
2023-11-28T00:00:00,744
2023-11-27T00:00:00,744
2023-11-24T00:00:00,755
2023-11-23T00:00:00,764
2023-11-22T00:00:00,764
2023-11-21T00:00:00,766
2023-11-20T00:00:00,764
2023-11-17T00:00:00,766
2023-11-16T00:00:00,766
2023-11-15T00:00:00,761
2023-11-14T00:00:00,761
2023-11-13T00:00:00,761
2023-11-10T00:00:00,743
2023-11-09T00:00:00,747
2023-11-08T00:00:00,740
2023-11-07T00:00:00,740
2023-11-06T00:00:00,743
2023-11-03T00:00:00,744
2023-11-02T00:00:00,748
2023-11-01T00:00:00,747
2023-10-31T00:00:00,748
2023-10-30T00:00:00,748
2023-10-27T00:00:00,748
2023-10-26T00:00:00,746
2023-10-25T00:00:00,743
2023-10-24T00:00:00,773
2023-10-23T00:00:00,769
2023-10-20T00:00:00,769
2023-10-19T00:00:00,769
2023-10-18T00:00:00,772
2023-10-17T00:00:00,763
2023-10-16T00:00:00,760
2023-10-13T00:00:00,781
2023-10-12T00:00:00,785
2023-10-11T00:00:00,821
2023-10-10T00:00:00,824
2023-10-09T00:00:00,807
2023-10-06T00:00:00,805
2023-10-05T00:00:00,744
2023-10-04T00:00:00,749
2023-10-03T00:00:00,752
2023-10-02T00:00:00,750
2023-09-29T00:00:00,786
2023-09-28T00:00:00,787
2023-09-27T00:00:00,792
2023-09-26T00:00:00,787
2023-09-25T00:00:00,787
2023-09-22T00:00:00,784
2023-09-21T00:00:00,778
2023-09-20T00:00:00,778
2023-09-19T00:00:00,776
2023-09-18T00:00:00,778
2023-09-15T00:00:00,775
2023-09-14T00:00:00,777
2023-09-13T00:00:00,780
2023-09-12T00:00:00,787
2023-09-11T00:00:00,789
2023-09-08T00:00:00,787
2023-09-07T00:00:00,787
2023-09-06T00:00:00,787
2023-09-05T00:00:00,797
2023-09-04T00:00:00,797
2023-09-01T00:00:00,797
2023-08-31T00:00:00,781
2023-08-30T00:00:00,788
2023-08-29T00:00:00,781
2023-08-25T00:00:00,779
2023-08-24T00:00:00,770
2023-08-23T00:00:00,799
2023-08-22T00:00:00,799
2023-08-21T00:00:00,821
2023-08-18T00:00:00,821
2023-08-17T00:00:00,788
2023-08-16T00:00:00,788
2023-08-15T00:00:00,795
2023-08-14T00:00:00,802
2023-08-11T00:00:00,803
2023-08-10T00:00:00,805
2023-08-09T00:00:00,814
2023-08-08T00:00:00,787
2023-08-07T00:00:00,849
2023-08-04T00:00:00,844
2023-08-03T00:00:00,844
2023-08-02T00:00:00,834
2023-08-01T00:00:00,845
2023-07-31T00:00:00,851
2023-07-28T00:00:00,853
2023-07-27T00:00:00,849
2023-07-26T00:00:00,849
2023-07-25T00:00:00,849
2023-07-24T00:00:00,849
2023-07-21T00:00:00,887
2023-07-20T00:00:00,818
2023-07-19T00:00:00,862
2023-07-18T00:00:00,849
2023-07-17T00:00:00,846
2023-07-14T00:00:00,839
2023-07-13T00:00:00,823
2023-07-12T00:00:00,823
2023-07-11T00:00:00,807
2023-07-10T00:00:00,807
2023-07-07T00:00:00,837
2023-07-06T00:00:00,837
2023-07-05T00:00:00,847
2023-07-04T00:00:00,847
2023-07-03T00:00:00,852
2023-06-30T00:00:00,828
2023-06-29T00:00:00,828
2023-06-28T00:00:00,828
2023-06-27T00:00:00,837
2023-06-26T00:00:00,837
2023-06-23T00:00:00,839
2023-06-22T00:00:00,836
2023-06-21T00:00:00,836
2023-06-20T00:00:00,836
2023-06-19T00:00:00,831
2023-06-16T00:00:00,839
2023-06-15T00:00:00,839
2023-06-14T00:00:00,829
2023-06-13T00:00:00,829
2023-06-12T00:00:00,829
2023-06-09T00:00:00,876
2023-06-08T00:00:00,862
2023-06-07T00:00:00,862
2023-06-06T00:00:00,862
2023-06-05T00:00:00,862
2023-06-02T00:00:00,862
2023-06-01T00:00:00,862
2023-05-31T00:00:00,863
2023-05-30T00:00:00,855
2023-05-26T00:00:00,860
2023-05-25T00:00:00,860
2023-05-24T00:00:00,860
2023-05-23T00:00:00,860
2023-05-22T00:00:00,862
2023-05-19T00:00:00,862
2023-05-16T00:00:00,862
2023-05-15T00:00:00,862
2023-05-12T00:00:00,856
2023-05-11T00:00:00,857
2023-05-10T00:00:00,857
2023-05-09T00:00:00,864
2023-05-08T00:00:00,864
2023-05-05T00:00:00,864
2023-05-04T00:00:00,872
2023-05-03T00:00:00,872
2023-05-02T00:00:00,872
2023-04-28T00:00:00,909
2023-04-27T00:00:00,909
2023-04-26T00:00:00,909
2023-04-25T00:00:00,921
2023-04-24T00:00:00,921
2023-04-21T00:00:00,921
2023-04-20T00:00:00,917
2023-04-19T00:00:00,911
2023-04-18T00:00:00,920
2023-04-17T00:00:00,932
2023-04-14T00:00:00,927
2023-04-13T00:00:00,923
2023-04-12T00:00:00,923
2023-04-11T00:00:00,923
2023-04-05T00:00:00,923
2023-04-04T00:00:00,919
2023-04-03T00:00:00,930
2023-03-31T00:00:00,977
2023-03-30T00:00:00,977
2023-03-29T00:00:00,981
2023-03-28T00:00:00,981
2023-03-27T00:00:00,981
2023-03-24T00:00:00,981
2023-03-23T00:00:00,986
2023-03-22T00:00:00,998
2023-03-21T00:00:00,1000
2023-03-20T00:00:00,996
2023-03-17T00:00:00,999
2023-03-16T00:00:00,999
2023-03-15T00:00:00,1001
2023-03-14T00:00:00,1012
2023-03-13T00:00:00,1021
2023-03-10T00:00:00,1032
2023-03-09T00:00:00,1031
2023-03-08T00:00:00,1034
2023-03-07T00:00:00,1034
2023-03-06T00:00:00,1035
2023-03-03T00:00:00,1035
2023-03-02T00:00:00,1027
2023-03-01T00:00:00,1027
2023-02-28T00:00:00,1029
2023-02-27T00:00:00,1029
2023-02-24T00:00:00,1033
2023-02-23T00:00:00,1033
2023-02-22T00:00:00,1035
2023-02-21T00:00:00,1035
2023-02-20T00:00:00,1036
2023-02-17T00:00:00,1036
2023-02-16T00:00:00,1033
2023-02-15T00:00:00,1033
2023-02-14T00:00:00,1033
2023-02-13T00:00:00,1039
2023-02-10T00:00:00,1039
2023-02-09T00:00:00,1025
2023-02-08T00:00:00,1028
2023-02-07T00:00:00,1028
2023-02-06T00:00:00,1022
2023-02-03T00:00:00,1014
2023-02-02T00:00:00,1015
2023-02-01T00:00:00,1015
2023-01-31T00:00:00,1008
2023-01-30T00:00:00,1008
2023-01-27T00:00:00,1021
2023-01-26T00:00:00,1040
2023-01-25T00:00:00,1040
2023-01-24T00:00:00,1040
2023-01-23T00:00:00,1040
2023-01-20T00:00:00,1040
2023-01-19T00:00:00,1043
2023-01-18T00:00:00,1043
2023-01-17T00:00:00,1043
2023-01-16T00:00:00,1047
2023-01-13T00:00:00,1041
2023-01-12T00:00:00,1041
2023-01-11T00:00:00,1041
2023-01-10T00:00:00,1037
2023-01-09T00:00:00,1038
2023-01-06T00:00:00,1010
2023-01-05T00:00:00,1018
2023-01-04T00:00:00,1030
2023-01-03T00:00:00,1030
2023-01-02T00:00:00,1030
2022-12-30T00:00:00,1025
2022-12-29T00:00:00,1025
2022-12-28T00:00:00,1031
2022-12-27T00:00:00,1031
2022-12-23T00:00:00,1031
2022-12-22T00:00:00,1031
2022-12-21T00:00:00,1031
2022-12-20T00:00:00,1031
2022-12-19T00:00:00,1031
2022-12-16T00:00:00,1031
2022-12-15T00:00:00,1028
2022-12-14T00:00:00,1029
2022-12-13T00:00:00,1029
2022-12-12T00:00:00,1044
2022-12-09T00:00:00,1044
2022-12-08T00:00:00,1047
2022-12-07T00:00:00,1047
2022-12-06T00:00:00,1047
2022-12-05T00:00:00,1055
2022-12-02T00:00:00,1055
2022-12-01T00:00:00,1055
2022-11-30T00:00:00,1076
2022-11-29T00:00:00,1076
2022-11-28T00:00:00,1055
2022-11-25T00:00:00,1055
2022-11-24T00:00:00,1060
2022-11-23T00:00:00,1062
2022-11-22T00:00:00,1062
2022-11-21T00:00:00,1061
2022-11-18T00:00:00,1061
2022-11-17T00:00:00,1058
2022-11-16T00:00:00,1057
2022-11-15T00:00:00,1057
2022-11-14T00:00:00,1059
2022-11-11T00:00:00,1059
2022-11-10T00:00:00,1061
2022-11-09T00:00:00,1061
2022-11-08T00:00:00,1061
2022-11-07T00:00:00,1064
2022-11-04T00:00:00,1064
2022-11-03T00:00:00,1064
2022-11-02T00:00:00,1064
2022-11-01T00:00:00,1064
2022-10-31T00:00:00,1064
2022-10-28T00:00:00,1064
2022-10-27T00:00:00,1092
2022-10-26T00:00:00,1092
2022-10-25T00:00:00,1101
2022-10-24T00:00:00,1101
2022-10-21T00:00:00,1111
2022-10-20T00:00:00,1111
2022-10-19T00:00:00,1111
2022-10-18T00:00:00,1121
2022-10-17T00:00:00,1114
2022-10-14T00:00:00,1114
2022-10-13T00:00:00,1109
2022-10-12T00:00:00,1109
2022-10-11T00:00:00,1110
2022-10-10T00:00:00,1113
2022-10-07T00:00:00,1116
2022-10-06T00:00:00,1116
2022-10-05T00:00:00,1116
2022-10-04T00:00:00,1125
2022-10-03T00:00:00,1125
2022-09-30T00:00:00,1149
2022-09-29T00:00:00,1150
2022-09-28T00:00:00,1149
2022-09-27T00:00:00,1151
2022-09-26T00:00:00,1152
2022-09-23T00:00:00,1160
2022-09-22T00:00:00,1144
2022-09-21T00:00:00,1144
2022-09-20T00:00:00,1110
2022-09-19T00:00:00,1114
2022-09-16T00:00:00,1126
2022-09-15T00:00:00,1113
2022-09-14T00:00:00,1127
2022-09-13T00:00:00,1112
2022-09-12T00:00:00,1115
2022-09-09T00:00:00,1115
2022-09-08T00:00:00,1116
2022-09-07T00:00:00,1116
2022-09-06T00:00:00,1127
2022-09-05T00:00:00,1121
2022-09-02T00:00:00,1116
2022-09-01T00:00:00,1114
2022-08-31T00:00:00,1116
2022-08-30T00:00:00,1116
2022-08-29T00:00:00,1116
2022-08-26T00:00:00,1140
2022-08-25T00:00:00,1140
2022-08-24T00:00:00,1140
2022-08-23T00:00:00,1140
2022-08-22T00:00:00,1156
2022-08-19T00:00:00,1190
2022-08-18T00:00:00,1227
2022-08-17T00:00:00,1227
2022-08-16T00:00:00,1227
2022-08-15T00:00:00,1228
2022-08-12T00:00:00,1235
2022-08-11T00:00:00,1247
2022-08-10T00:00:00,1247
2022-08-09T00:00:00,1230
2022-08-08T00:00:00,1260
2022-08-05T00:00:00,1184
2022-08-04T00:00:00,1184
2022-08-03T00:00:00,1184
2022-08-02T00:00:00,1184
2022-08-01T00:00:00,1190
2022-07-29T00:00:00,1206
2022-07-28T00:00:00,1206
2022-07-27T00:00:00,1206
2022-07-26T00:00:00,1206
2022-07-25T00:00:00,1197
2022-07-22T00:00:00,1131
2022-07-21T00:00:00,1195
2022-07-20T00:00:00,1195
2022-07-19T00:00:00,1195
2022-07-18T00:00:00,1158
2022-07-15T00:00:00,1155
2022-07-14T00:00:00,1165
2022-07-13T00:00:00,1164
2022-07-12T00:00:00,1172
2022-07-11T00:00:00,1175
2022-07-08T00:00:00,1162
2022-07-07T00:00:00,1199
2022-07-06T00:00:00,1199
2022-07-05T00:00:00,1190
2022-07-04T00:00:00,1190
2022-07-01T00:00:00,1190
2022-06-30T00:00:00,1098
2022-06-29T00:00:00,1098
2022-06-28T00:00:00,1097
2022-06-27T00:00:00,1097
2022-06-24T00:00:00,1097
2022-06-23T00:00:00,1101
2022-06-22T00:00:00,1101
2022-06-21T00:00:00,1101
2022-06-20T00:00:00,1097
2022-06-17T00:00:00,1108
2022-06-16T00:00:00,1099
2022-06-15T00:00:00,1097
2022-06-14T00:00:00,1097
2022-06-13T00:00:00,1099
2022-06-10T00:00:00,1099
2022-06-09T00:00:00,1099
2022-06-08T00:00:00,1099
2022-06-07T00:00:00,1099
2022-06-03T00:00:00,1099
2022-06-02T00:00:00,1099
2022-06-01T00:00:00,1099
2022-05-31T00:00:00,1105
2022-05-30T00:00:00,1105
2022-05-27T00:00:00,1105
2022-05-25T00:00:00,1108
2022-05-24T00:00:00,1108
2022-05-23T00:00:00,1103
2022-05-20T00:00:00,1135
2022-05-19T00:00:00,1135
2022-05-18T00:00:00,1135
2022-05-16T00:00:00,1135
2022-05-13T00:00:00,1135
2022-05-12T00:00:00,1130
2022-05-11T00:00:00,1128
2022-05-10T00:00:00,1127
2022-05-09T00:00:00,1127
2022-05-06T00:00:00,1127
2022-05-05T00:00:00,1128
2022-05-04T00:00:00,1128
2022-05-03T00:00:00,1128
2022-05-02T00:00:00,1128
2022-04-29T00:00:00,1132
2022-04-28T00:00:00,1140
2022-04-27T00:00:00,1140
2022-04-26T00:00:00,1137
2022-04-25T00:00:00,1137
2022-04-22T00:00:00,1110
2022-04-21T00:00:00,1110
2022-04-20T00:00:00,1110
2022-04-19T00:00:00,1110
2022-04-13T00:00:00,1138
2022-04-12T00:00:00,1133
2022-04-11T00:00:00,1133
2022-04-08T00:00:00,1133
2022-04-07T00:00:00,1126
2022-04-06T00:00:00,1131
2022-04-05T00:00:00,1142
2022-04-04T00:00:00,1142
2022-04-01T00:00:00,1142
2022-03-31T00:00:00,1110
2022-03-30T00:00:00,1101
2022-03-29T00:00:00,1101
2022-03-28T00:00:00,1101
2022-03-25T00:00:00,1101
2022-03-24T00:00:00,1100
2022-03-23T00:00:00,1100
2022-03-22T00:00:00,1100
2022-03-21T00:00:00,1100
2022-03-18T00:00:00,1101
2022-03-17T00:00:00,1110
2022-03-16T00:00:00,1109
2022-03-15T00:00:00,1109
2022-03-14T00:00:00,1109
2022-03-11T00:00:00,1107
2022-03-10T00:00:00,1099
2022-03-09T00:00:00,1099
2022-03-08T00:00:00,1099
2022-03-07T00:00:00,1099
2022-03-04T00:00:00,1099
2022-03-03T00:00:00,1103
2022-03-02T00:00:00,1092
2022-03-01T00:00:00,1094
2022-02-28T00:00:00,1094
2022-02-25T00:00:00,1094
2022-02-24T00:00:00,1094
2022-02-23T00:00:00,1094
2022-02-22T00:00:00,1094
2022-02-21T00:00:00,1094
2022-02-18T00:00:00,1104
2022-02-17T00:00:00,1104
2022-02-16T00:00:00,1104
2022-02-15T00:00:00,1115
2022-02-14T00:00:00,1097
2022-02-11T00:00:00,1086
2022-02-10T00:00:00,1086
2022-02-09T00:00:00,1086
2022-02-08T00:00:00,1091
2022-02-07T00:00:00,1091
2022-02-04T00:00:00,1090
2022-02-03T00:00:00,1090
2022-02-02T00:00:00,1090
2022-02-01T00:00:00,1090
2022-01-31T00:00:00,1095
2022-01-28T00:00:00,1081
2022-01-27T00:00:00,1097
2022-01-26T00:00:00,1086
2022-01-25T00:00:00,1086
2022-01-24T00:00:00,1059
2022-01-21T00:00:00,1059
2022-01-20T00:00:00,1059
2022-01-19T00:00:00,1060
2022-01-18T00:00:00,1039
2022-01-17T00:00:00,1064
2022-01-14T00:00:00,1077
2022-01-13T00:00:00,1081
2022-01-12T00:00:00,1059
2022-01-11T00:00:00,1059
2022-01-10T00:00:00,1059
2022-01-07T00:00:00,1062
2022-01-06T00:00:00,1059
2022-01-05T00:00:00,1059
2022-01-04T00:00:00,1059
2022-01-03T00:00:00,1072
2021-12-30T00:00:00,1178
2021-12-29T00:00:00,1186
2021-12-28T00:00:00,1186
2021-12-27T00:00:00,1186
2021-12-23T00:00:00,1186
2021-12-22T00:00:00,1186
2021-12-21T00:00:00,1186
2021-12-20T00:00:00,1199
2021-12-17T00:00:00,1185
2021-12-16T00:00:00,1173
2021-12-15T00:00:00,1173
2021-12-14T00:00:00,1176
2021-12-13T00:00:00,1176
2021-12-10T00:00:00,1176
2021-12-09T00:00:00,1169
2021-12-08T00:00:00,1169
2021-12-07T00:00:00,1169
2021-12-06T00:00:00,1169
2021-12-03T00:00:00,1169
2021-12-02T00:00:00,1169
2021-12-01T00:00:00,1170
2021-11-30T00:00:00,1171
2021-11-29T00:00:00,1171
2021-11-26T00:00:00,1171
2021-11-25T00:00:00,1171
2021-11-24T00:00:00,1171
2021-11-23T00:00:00,1171
2021-11-22T00:00:00,1171
2021-11-19T00:00:00,1156
2021-11-18T00:00:00,1156
2021-11-17T00:00:00,1171
2021-11-16T00:00:00,1171
2021-11-15T00:00:00,1160
2021-11-12T00:00:00,1176
2021-11-11T00:00:00,1228
2021-11-10T00:00:00,1228
2021-11-09T00:00:00,1222
2021-11-08T00:00:00,1222
2021-11-05T00:00:00,1222
2021-11-04T00:00:00,1222
2021-11-03T00:00:00,1222
2021-11-02T00:00:00,1222
2021-11-01T00:00:00,1240
2021-10-29T00:00:00,1220
2021-10-28T00:00:00,1196
2021-10-27T00:00:00,1192
2021-10-26T00:00:00,1192
2021-10-25T00:00:00,1198
2021-10-22T00:00:00,1198
2021-10-21T00:00:00,1198
2021-10-20T00:00:00,1198
2021-10-19T00:00:00,1198
2021-10-18T00:00:00,1198
2021-10-15T00:00:00,1185
2021-10-14T00:00:00,1154
2021-10-13T00:00:00,1151
2021-10-12T00:00:00,1149
2021-10-11T00:00:00,1149
2021-10-08T00:00:00,1149
2021-10-07T00:00:00,1149
2021-10-06T00:00:00,1149
2021-10-05T00:00:00,1168
2021-10-04T00:00:00,1158
2021-10-01T00:00:00,1158
2021-09-30T00:00:00,1165
2021-09-29T00:00:00,1165
2021-09-28T00:00:00,1165
2021-09-27T00:00:00,1165
2021-09-24T00:00:00,1165
2021-09-23T00:00:00,1165
2021-09-22T00:00:00,1165
2021-09-21T00:00:00,1185
2021-09-20T00:00:00,1183
2021-09-17T00:00:00,1183
2021-09-16T00:00:00,1183
2021-09-15T00:00:00,1183
2021-09-14T00:00:00,1183
2021-09-13T00:00:00,1183
2021-09-10T00:00:00,1223
2021-09-09T00:00:00,1225
2021-09-08T00:00:00,1225
2021-09-07T00:00:00,1228
2021-09-06T00:00:00,1228
2021-09-03T00:00:00,1228
2021-09-02T00:00:00,1228
2021-09-01T00:00:00,1253
2021-08-31T00:00:00,1225
2021-08-30T00:00:00,1225
2021-08-27T00:00:00,1225
2021-08-26T00:00:00,1225
2021-08-25T00:00:00,1201
2021-08-24T00:00:00,1201
2021-08-23T00:00:00,1201
2021-08-20T00:00:00,1201
2021-08-19T00:00:00,1201
2021-08-18T00:00:00,1201
2021-08-17T00:00:00,1201
2021-08-16T00:00:00,1201
2021-08-13T00:00:00,1195
2021-08-12T00:00:00,1198
2021-08-11T00:00:00,1198
2021-08-10T00:00:00,1198
2021-08-09T00:00:00,1231
2021-08-06T00:00:00,1231
2021-08-05T00:00:00,1234
2021-08-04T00:00:00,1192
2021-08-03T00:00:00,1179
2021-08-02T00:00:00,1214
2021-07-30T00:00:00,1208
2021-07-29T00:00:00,1240
2021-07-28T00:00:00,1240
2021-07-27T00:00:00,1237
2021-07-26T00:00:00,1236
2021-07-23T00:00:00,1204
2021-07-22T00:00:00,1205
2021-07-21T00:00:00,1204
2021-07-20T00:00:00,1184
2021-07-19T00:00:00,1177
2021-07-16T00:00:00,1176
2021-07-15T00:00:00,1212
2021-07-14T00:00:00,1178
2021-07-13T00:00:00,1178
2021-07-12T00:00:00,1177
2021-07-09T00:00:00,1178
2021-07-08T00:00:00,1196
2021-07-07T00:00:00,1196
2021-07-06T00:00:00,1196
2021-07-05T00:00:00,1178
2021-07-02T00:00:00,1178
2021-07-01T00:00:00,1178
2021-06-30T00:00:00,1146
2021-06-29T00:00:00,1144
2021-06-28T00:00:00,1115
2021-06-25T00:00:00,1103
2021-06-24T00:00:00,1090
2021-06-23T00:00:00,1077
2021-06-22T00:00:00,1077
2021-06-21T00:00:00,1055
2021-06-18T00:00:00,1055
2021-06-17T00:00:00,1051
2021-06-16T00:00:00,1051
2021-06-15T00:00:00,1051
2021-06-14T00:00:00,1045
2021-06-11T00:00:00,1045
2021-06-10T00:00:00,1036
2021-06-09T00:00:00,1036
2021-06-08T00:00:00,1036
2021-06-07T00:00:00,1036
2021-06-04T00:00:00,1036
2021-06-03T00:00:00,1047
2021-06-02T00:00:00,1045
2021-06-01T00:00:00,1044
2021-05-31T00:00:00,1116
2021-05-28T00:00:00,1116
2021-05-27T00:00:00,1116
2021-05-26T00:00:00,1116
2021-05-25T00:00:00,1116
2021-05-21T00:00:00,1116
2021-05-20T00:00:00,1113
2021-05-19T00:00:00,1095
2021-05-18T00:00:00,1095
2021-05-14T00:00:00,1091
2021-05-12T00:00:00,1091
2021-05-11T00:00:00,1091
2021-05-10T00:00:00,1091
2021-05-07T00:00:00,1097
2021-05-06T00:00:00,1057
2021-05-05T00:00:00,1057
2021-05-04T00:00:00,1057
2021-05-03T00:00:00,1058
2021-04-30T00:00:00,987
2021-04-29T00:00:00,987
2021-04-28T00:00:00,987
2021-04-27T00:00:00,987
2021-04-26T00:00:00,987
2021-04-23T00:00:00,987
2021-04-22T00:00:00,987
2021-04-21T00:00:00,987
2021-04-20T00:00:00,987
2021-04-19T00:00:00,987
2021-04-16T00:00:00,987
2021-04-15T00:00:00,987
2021-04-14T00:00:00,987
2021-04-13T00:00:00,961
2021-04-12T00:00:00,961
2021-04-09T00:00:00,961
2021-04-08T00:00:00,961
2021-04-07T00:00:00,961
2021-04-06T00:00:00,962
2021-03-31T00:00:00,923
2021-03-30T00:00:00,923
2021-03-29T00:00:00,932
2021-03-26T00:00:00,920
2021-03-25T00:00:00,921
2021-03-24T00:00:00,921
2021-03-23T00:00:00,905
2021-03-22T00:00:00,905
2021-03-19T00:00:00,905
2021-03-18T00:00:00,905
2021-03-17T00:00:00,905
2021-03-16T00:00:00,905
2021-03-15T00:00:00,902
2021-03-12T00:00:00,902
2021-03-11T00:00:00,898
2021-03-10T00:00:00,898
2021-03-09T00:00:00,898
2021-03-08T00:00:00,898
2021-03-05T00:00:00,898
2021-03-04T00:00:00,881
2021-03-03T00:00:00,860
2021-03-02T00:00:00,837
2021-03-01T00:00:00,837
2021-02-26T00:00:00,880
2021-02-25T00:00:00,881
2021-02-24T00:00:00,881
2021-02-23T00:00:00,881
2021-02-22T00:00:00,870
2021-02-19T00:00:00,870
2021-02-18T00:00:00,868
2021-02-17T00:00:00,867
2021-02-16T00:00:00,867
2021-02-15T00:00:00,867
2021-02-12T00:00:00,903
2021-02-11T00:00:00,903
2021-02-10T00:00:00,854
2021-02-09T00:00:00,853
2021-02-08T00:00:00,853
2021-02-05T00:00:00,853
2021-02-04T00:00:00,853
2021-02-03T00:00:00,877
2021-02-02T00:00:00,877
2021-02-01T00:00:00,877
2021-01-29T00:00:00,896
2021-01-28T00:00:00,887
2021-01-27T00:00:00,887
2021-01-26T00:00:00,900
2021-01-25T00:00:00,902
2021-01-22T00:00:00,902
2021-01-21T00:00:00,887
2021-01-20T00:00:00,869
2021-01-19T00:00:00,846
2021-01-18T00:00:00,846
2021-01-15T00:00:00,824
2021-01-14T00:00:00,848
2021-01-13T00:00:00,848
2021-01-12T00:00:00,848
2021-01-11T00:00:00,848
2021-01-08T00:00:00,848
2021-01-07T00:00:00,848
2021-01-06T00:00:00,848
2021-01-05T00:00:00,848
2021-01-04T00:00:00,872
2020-12-30T00:00:00,789
2020-12-29T00:00:00,793
2020-12-28T00:00:00,793
2020-12-23T00:00:00,793
2020-12-22T00:00:00,793
2020-12-21T00:00:00,793
2020-12-18T00:00:00,793
2020-12-17T00:00:00,788
2020-12-16T00:00:00,788
2020-12-15T00:00:00,788
2020-12-14T00:00:00,788
2020-12-11T00:00:00,788
2020-12-10T00:00:00,787
2020-12-09T00:00:00,787
2020-12-08T00:00:00,771
2020-12-07T00:00:00,780
2020-12-04T00:00:00,780
2020-12-03T00:00:00,776
2020-12-02T00:00:00,767
2020-12-01T00:00:00,767
2020-11-30T00:00:00,655
2020-11-27T00:00:00,655
2020-11-26T00:00:00,655
2020-11-25T00:00:00,653
2020-11-24T00:00:00,644
2020-11-23T00:00:00,644
2020-11-20T00:00:00,644
2020-11-19T00:00:00,644
2020-11-18T00:00:00,641
2020-11-17T00:00:00,636
2020-11-16T00:00:00,634
2020-11-13T00:00:00,634
2020-11-12T00:00:00,634
2020-11-11T00:00:00,634
2020-11-10T00:00:00,633
2020-11-09T00:00:00,633
2020-11-06T00:00:00,629
2020-11-05T00:00:00,629
2020-11-04T00:00:00,629
2020-11-03T00:00:00,629
2020-11-02T00:00:00,629
2020-10-30T00:00:00,615
2020-10-29T00:00:00,611
2020-10-28T00:00:00,611
2020-10-27T00:00:00,611
2020-10-26T00:00:00,611
2020-10-23T00:00:00,591
2020-10-22T00:00:00,591
2020-10-21T00:00:00,591
2020-10-20T00:00:00,591
2020-10-19T00:00:00,591
2020-10-16T00:00:00,591
2020-10-15T00:00:00,607
2020-10-14T00:00:00,607
2020-10-13T00:00:00,607
2020-10-12T00:00:00,600
2020-10-09T00:00:00,600
2020-10-08T00:00:00,604
2020-10-07T00:00:00,622
2020-10-06T00:00:00,622
2020-10-05T00:00:00,622
2020-10-02T00:00:00,622
2020-10-01T00:00:00,622
2020-09-30T00:00:00,649
2020-09-29T00:00:00,642
2020-09-28T00:00:00,642
2020-09-25T00:00:00,642
2020-09-24T00:00:00,650
2020-09-23T00:00:00,650
2020-09-22T00:00:00,650
2020-09-21T00:00:00,650
2020-09-18T00:00:00,650
2020-09-17T00:00:00,621
2020-09-16T00:00:00,621
2020-09-15T00:00:00,621
2020-09-14T00:00:00,615
2020-09-11T00:00:00,615
2020-09-10T00:00:00,615
2020-09-09T00:00:00,615
2020-09-08T00:00:00,615
2020-09-07T00:00:00,615
2020-09-04T00:00:00,615
2020-09-03T00:00:00,615
2020-09-02T00:00:00,615
2020-09-01T00:00:00,615
2020-08-31T00:00:00,656
2020-08-28T00:00:00,656
2020-08-27T00:00:00,656
2020-08-26T00:00:00,656
2020-08-25T00:00:00,656
2020-08-24T00:00:00,648
2020-08-21T00:00:00,648
2020-08-20T00:00:00,648
2020-08-19T00:00:00,648
2020-08-18T00:00:00,633
2020-08-17T00:00:00,633
2020-08-14T00:00:00,633
2020-08-13T00:00:00,633
2020-08-12T00:00:00,633
2020-08-11T00:00:00,633
2020-08-10T00:00:00,633
2020-08-07T00:00:00,633
2020-08-06T00:00:00,633
2020-08-05T00:00:00,640
2020-08-04T00:00:00,640
2020-08-03T00:00:00,652
2020-07-31T00:00:00,654
2020-07-30T00:00:00,654
2020-07-29T00:00:00,681
2020-07-28T00:00:00,681
2020-07-27T00:00:00,650
2020-07-24T00:00:00,650
2020-07-23T00:00:00,650
2020-07-22T00:00:00,650
2020-07-21T00:00:00,634
2020-07-20T00:00:00,634
2020-07-17T00:00:00,634
2020-07-16T00:00:00,634
2020-07-15T00:00:00,634
2020-07-14T00:00:00,678
2020-07-13T00:00:00,678
2020-07-10T00:00:00,678
2020-07-09T00:00:00,678
2020-07-08T00:00:00,678
2020-07-07T00:00:00,678
2020-07-06T00:00:00,678
2020-07-03T00:00:00,678
2020-07-02T00:00:00,678
2020-07-01T00:00:00,641
2020-06-30T00:00:00,748
2020-06-29T00:00:00,748
2020-06-26T00:00:00,733
2020-06-25T00:00:00,733
2020-06-24T00:00:00,733
2020-06-23T00:00:00,733
2020-06-22T00:00:00,733
2020-06-19T00:00:00,733
2020-06-18T00:00:00,733
2020-06-17T00:00:00,733
2020-06-16T00:00:00,733
2020-06-15T00:00:00,729
2020-06-12T00:00:00,729
2020-06-11T00:00:00,729
2020-06-10T00:00:00,729
2020-06-09T00:00:00,729
2020-06-08T00:00:00,729
2020-06-05T00:00:00,729
2020-06-04T00:00:00,729
2020-06-03T00:00:00,729
2020-06-02T00:00:00,730
2020-05-29T00:00:00,735
2020-05-28T00:00:00,708
2020-05-27T00:00:00,708
2020-05-26T00:00:00,708
2020-05-25T00:00:00,708
2020-05-22T00:00:00,710
2020-05-20T00:00:00,710
2020-05-19T00:00:00,660
2020-05-18T00:00:00,648
2020-05-15T00:00:00,614
2020-05-14T00:00:00,614
2020-05-13T00:00:00,614
2020-05-12T00:00:00,614
2020-05-11T00:00:00,614
2020-05-08T00:00:00,614
2020-05-07T00:00:00,614
2020-05-06T00:00:00,614
2020-05-05T00:00:00,614
2020-05-04T00:00:00,614
2020-04-30T00:00:00,681
2020-04-29T00:00:00,681
2020-04-28T00:00:00,681
2020-04-27T00:00:00,673
2020-04-24T00:00:00,673
2020-04-23T00:00:00,673
2020-04-22T00:00:00,673
2020-04-21T00:00:00,673
2020-04-20T00:00:00,673
2020-04-17T00:00:00,673
2020-04-16T00:00:00,673
2020-04-15T00:00:00,673
2020-04-14T00:00:00,673
2020-04-08T00:00:00,673
2020-04-07T00:00:00,681
2020-04-06T00:00:00,681
2020-04-03T00:00:00,681
2020-04-02T00:00:00,710
2020-04-01T00:00:00,710
2020-03-31T00:00:00,714
2020-03-30T00:00:00,714
2020-03-27T00:00:00,686
2020-03-26T00:00:00,686
2020-03-25T00:00:00,686
2020-03-24T00:00:00,686
2020-03-23T00:00:00,686
2020-03-20T00:00:00,686
2020-03-19T00:00:00,686
2020-03-18T00:00:00,686
2020-03-17T00:00:00,686
2020-03-16T00:00:00,686
2020-03-13T00:00:00,686
2020-03-12T00:00:00,686
2020-03-11T00:00:00,686
2020-03-10T00:00:00,686
2020-03-09T00:00:00,686
2020-03-06T00:00:00,686
2020-03-05T00:00:00,693
2020-03-04T00:00:00,693
2020-03-03T00:00:00,693
2020-03-02T00:00:00,693
2020-02-28T00:00:00,672
2020-02-27T00:00:00,672
2020-02-26T00:00:00,672
2020-02-25T00:00:00,672
2020-02-24T00:00:00,672
2020-02-21T00:00:00,672
2020-02-20T00:00:00,672
2020-02-19T00:00:00,672
2020-02-18T00:00:00,673
2020-02-17T00:00:00,673
2020-02-14T00:00:00,674
2020-02-13T00:00:00,674
2020-02-12T00:00:00,674
2020-02-11T00:00:00,674
2020-02-10T00:00:00,674
2020-02-07T00:00:00,634
2020-02-06T00:00:00,623
2020-02-05T00:00:00,623
2020-02-04T00:00:00,623
2020-02-03T00:00:00,623
2020-01-31T00:00:00,673
2020-01-30T00:00:00,673
2020-01-29T00:00:00,674
2020-01-28T00:00:00,674
2020-01-27T00:00:00,674
2020-01-24T00:00:00,674
2020-01-23T00:00:00,674
2020-01-22T00:00:00,633
2020-01-21T00:00:00,647
2020-01-20T00:00:00,701
2020-01-17T00:00:00,701
2020-01-16T00:00:00,701
2020-01-15T00:00:00,701
2020-01-14T00:00:00,701
2020-01-13T00:00:00,726
2020-01-10T00:00:00,726
2020-01-09T00:00:00,726
2020-01-08T00:00:00,726
2020-01-07T00:00:00,726
2020-01-06T00:00:00,507
2020-01-03T00:00:00,507
2020-01-02T00:00:00,507
2019-12-30T00:00:00,507
2019-12-27T00:00:00,507
2019-12-23T00:00:00,507
2019-12-20T00:00:00,507
2019-12-19T00:00:00,507
2019-12-18T00:00:00,507
2019-12-17T00:00:00,512
2019-12-16T00:00:00,512
2019-12-13T00:00:00,512
2019-12-12T00:00:00,512
2019-12-11T00:00:00,520
2019-12-10T00:00:00,520
2019-12-09T00:00:00,527
2019-12-06T00:00:00,527
2019-12-05T00:00:00,527
2019-12-04T00:00:00,527
2019-12-03T00:00:00,507
2019-12-02T00:00:00,507
2019-11-29T00:00:00,500
2019-11-28T00:00:00,500
2019-11-27T00:00:00,500
2019-11-26T00:00:00,500
2019-11-25T00:00:00,498
2019-11-22T00:00:00,498
2019-11-21T00:00:00,497
2019-11-20T00:00:00,497
2019-11-19T00:00:00,497
2019-11-18T00:00:00,497
2019-11-15T00:00:00,497
2019-11-14T00:00:00,497
2019-11-13T00:00:00,497
2019-11-12T00:00:00,497
2019-11-11T00:00:00,508
2019-11-08T00:00:00,508
2019-11-07T00:00:00,508
2019-11-06T00:00:00,508
2019-11-05T00:00:00,508
2019-11-04T00:00:00,508
2019-11-01T00:00:00,497
2019-10-31T00:00:00,513
2019-10-30T00:00:00,513
2019-10-29T00:00:00,513
2019-10-28T00:00:00,513
2019-10-25T00:00:00,513
2019-10-24T00:00:00,513
2019-10-23T00:00:00,513
2019-10-22T00:00:00,513
2019-10-21T00:00:00,513
2019-10-18T00:00:00,513
2019-10-17T00:00:00,513
2019-10-16T00:00:00,513
2019-10-15T00:00:00,513
2019-10-14T00:00:00,505
2019-10-11T00:00:00,505
2019-10-10T00:00:00,536
2019-10-09T00:00:00,520
2019-10-08T00:00:00,520
2019-10-07T00:00:00,520
2019-10-04T00:00:00,520
2019-10-03T00:00:00,520
2019-10-02T00:00:00,520
2019-10-01T00:00:00,520
2019-09-30T00:00:00,520
2019-09-27T00:00:00,520
2019-09-26T00:00:00,520
2019-09-25T00:00:00,520
2019-09-24T00:00:00,520
2019-09-23T00:00:00,520
2019-09-20T00:00:00,520
2019-09-19T00:00:00,520
2019-09-18T00:00:00,520
2019-09-17T00:00:00,520
2019-09-16T00:00:00,520
2019-09-13T00:00:00,520
2019-09-12T00:00:00,520
2019-09-11T00:00:00,520
2019-09-10T00:00:00,520
2019-09-09T00:00:00,520
2019-09-06T00:00:00,520
2019-09-05T00:00:00,520
2019-09-04T00:00:00,520
2019-09-03T00:00:00,520
2019-09-02T00:00:00,520
2019-08-30T00:00:00,520
2019-08-29T00:00:00,520
2019-08-28T00:00:00,520
2019-08-27T00:00:00,520
2019-08-26T00:00:00,520
2019-08-23T00:00:00,520
2019-08-22T00:00:00,520
2019-08-21T00:00:00,520
2019-08-20T00:00:00,520
2019-08-19T00:00:00,520
2019-08-16T00:00:00,520
2019-08-15T00:00:00,520
2019-08-14T00:00:00,520
2019-08-13T00:00:00,520
2019-08-12T00:00:00,520
2019-08-09T00:00:00,520
2019-08-08T00:00:00,520
2019-08-07T00:00:00,520
2019-08-06T00:00:00,520
2019-08-05T00:00:00,499
2019-08-02T00:00:00,499
2019-08-01T00:00:00,504
2019-07-31T00:00:00,796
2019-07-30T00:00:00,796
2019-07-29T00:00:00,796
2019-07-26T00:00:00,796
2019-07-25T00:00:00,796
2019-07-24T00:00:00,796
2019-07-23T00:00:00,796
2019-07-22T00:00:00,796
2019-07-19T00:00:00,796
2019-07-18T00:00:00,796
2019-07-17T00:00:00,796
2019-07-16T00:00:00,797
2019-07-15T00:00:00,797
2019-07-12T00:00:00,797
2019-07-11T00:00:00,797
2019-07-10T00:00:00,797
2019-07-09T00:00:00,797
2019-07-08T00:00:00,797
2019-07-05T00:00:00,797
2019-07-04T00:00:00,832
2019-07-03T00:00:00,832
2019-07-02T00:00:00,832
2019-07-01T00:00:00,832
2019-06-28T00:00:00,842
2019-06-27T00:00:00,842
2019-06-26T00:00:00,842
2019-06-25T00:00:00,841
2019-06-24T00:00:00,841
2019-06-21T00:00:00,841
2019-06-20T00:00:00,841
2019-06-19T00:00:00,840
2019-06-18T00:00:00,840
2019-06-17T00:00:00,840
2019-06-14T00:00:00,840
2019-06-13T00:00:00,840
2019-06-12T00:00:00,839
2019-06-11T00:00:00,839
2019-06-07T00:00:00,864
2019-06-06T00:00:00,864
2019-06-05T00:00:00,826
2019-06-04T00:00:00,826
2019-06-03T00:00:00,826
2019-05-31T00:00:00,784
2019-05-29T00:00:00,784
2019-05-28T00:00:00,785
2019-05-27T00:00:00,785
2019-05-24T00:00:00,768
2019-05-23T00:00:00,768
2019-05-22T00:00:00,768
2019-05-21T00:00:00,768
2019-05-20T00:00:00,751
2019-05-16T00:00:00,752
2019-05-15T00:00:00,752
2019-05-14T00:00:00,739
2019-05-13T00:00:00,760
2019-05-10T00:00:00,761
2019-05-09T00:00:00,761
2019-05-08T00:00:00,761
2019-05-07T00:00:00,755
2019-05-06T00:00:00,718
2019-05-03T00:00:00,718
2019-05-02T00:00:00,718
2019-04-30T00:00:00,778
2019-04-29T00:00:00,778
2019-04-26T00:00:00,781
2019-04-25T00:00:00,781
2019-04-24T00:00:00,778
2019-04-23T00:00:00,776
2019-04-17T00:00:00,750
2019-04-16T00:00:00,758
2019-04-15T00:00:00,760
2019-04-12T00:00:00,733
2019-04-11T00:00:00,733
2019-04-10T00:00:00,734
2019-04-09T00:00:00,734
2019-04-08T00:00:00,734
2019-04-05T00:00:00,687
2019-04-04T00:00:00,687
2019-04-03T00:00:00,709
2019-04-02T00:00:00,709
2019-04-01T00:00:00,709
2019-03-29T00:00:00,761
2019-03-28T00:00:00,761
2019-03-27T00:00:00,761
2019-03-26T00:00:00,761
2019-03-25T00:00:00,761
2019-03-22T00:00:00,712
2019-03-21T00:00:00,711
2019-03-20T00:00:00,711
2019-03-19T00:00:00,733
2019-03-18T00:00:00,733
2019-03-15T00:00:00,733
2019-03-14T00:00:00,733
2019-03-13T00:00:00,690
2019-03-12T00:00:00,576
2019-03-11T00:00:00,576
2019-03-08T00:00:00,571
2019-03-07T00:00:00,572
2019-03-06T00:00:00,535
2019-03-05T00:00:00,566
2019-03-04T00:00:00,566
2019-03-01T00:00:00,566
2019-02-28T00:00:00,764
2019-02-27T00:00:00,764
2019-02-26T00:00:00,764
2019-02-25T00:00:00,764
2019-02-22T00:00:00,764
2019-02-21T00:00:00,763
2019-02-20T00:00:00,764
2019-02-19T00:00:00,763
2019-02-18T00:00:00,782
2019-02-15T00:00:00,782
2019-02-14T00:00:00,782
2019-02-13T00:00:00,782
2019-02-12T00:00:00,794
2019-02-11T00:00:00,794
2019-02-08T00:00:00,820
2019-02-07T00:00:00,770
2019-02-06T00:00:00,770
2019-02-05T00:00:00,770
2019-02-04T00:00:00,770
2019-02-01T00:00:00,770
2019-01-31T00:00:00,807
2019-01-30T00:00:00,807
2019-01-29T00:00:00,808
2019-01-28T00:00:00,808
2019-01-25T00:00:00,808
2019-01-24T00:00:00,807
2019-01-23T00:00:00,807
2019-01-22T00:00:00,807
2019-01-21T00:00:00,807
2019-01-18T00:00:00,808
2019-01-17T00:00:00,807
2019-01-16T00:00:00,808
2019-01-15T00:00:00,808
2019-01-14T00:00:00,807
2019-01-11T00:00:00,808
2019-01-10T00:00:00,639
2019-01-09T00:00:00,755
2019-01-08T00:00:00,755
2019-01-07T00:00:00,755
2019-01-04T00:00:00,755
2019-01-03T00:00:00,755
2019-01-02T00:00:00,755
2018-12-28T00:00:00,755
2018-12-27T00:00:00,755
2018-12-21T00:00:00,755
2018-12-20T00:00:00,754
2018-12-19T00:00:00,755
2018-12-18T00:00:00,753
2018-12-17T00:00:00,753
2018-12-14T00:00:00,753
2018-12-13T00:00:00,753
2018-12-12T00:00:00,753
2018-12-11T00:00:00,754
2018-12-10T00:00:00,755
2018-12-07T00:00:00,821
2018-12-06T00:00:00,771
2018-12-05T00:00:00,771
2018-12-04T00:00:00,771
2018-12-03T00:00:00,771
2018-11-30T00:00:00,771
2018-11-29T00:00:00,771
2018-11-28T00:00:00,771
2018-11-27T00:00:00,771
2018-11-26T00:00:00,771
2018-11-23T00:00:00,771
2018-11-22T00:00:00,771
2018-11-21T00:00:00,771
2018-11-20T00:00:00,771
2018-11-19T00:00:00,771
2018-11-16T00:00:00,771
2018-11-15T00:00:00,771
2018-11-14T00:00:00,771
2018-11-13T00:00:00,771
2018-11-12T00:00:00,771
2018-11-09T00:00:00,771
2018-11-08T00:00:00,771
2018-11-07T00:00:00,768
2018-11-06T00:00:00,768
2018-11-05T00:00:00,768
2018-11-02T00:00:00,768
2018-11-01T00:00:00,768
2018-10-31T00:00:00,724
2018-10-30T00:00:00,724
2018-10-29T00:00:00,724
2018-10-26T00:00:00,724
2018-10-25T00:00:00,724
2018-10-24T00:00:00,724
2018-10-23T00:00:00,664
2018-10-22T00:00:00,664
2018-10-19T00:00:00,664
2018-10-18T00:00:00,692
2018-10-17T00:00:00,692
2018-10-16T00:00:00,700
2018-10-15T00:00:00,700
2018-10-12T00:00:00,700
2018-10-11T00:00:00,699
2018-10-10T00:00:00,700
2018-10-09T00:00:00,700
2018-10-08T00:00:00,700
2018-10-05T00:00:00,690
2018-10-04T00:00:00,723
2018-10-03T00:00:00,724
2018-10-02T00:00:00,724
2018-10-01T00:00:00,724
2018-09-28T00:00:00,718
2018-09-27T00:00:00,718
2018-09-26T00:00:00,717
2018-09-25T00:00:00,719
2018-09-24T00:00:00,719
2018-09-21T00:00:00,719
2018-09-20T00:00:00,718
2018-09-19T00:00:00,718
2018-09-18T00:00:00,718
2018-09-17T00:00:00,718
2018-09-14T00:00:00,717
2018-09-13T00:00:00,716
2018-09-12T00:00:00,716
2018-09-11T00:00:00,716
2018-09-10T00:00:00,716
2018-09-07T00:00:00,716
2018-09-06T00:00:00,838
2018-09-05T00:00:00,838
2018-09-04T00:00:00,838
2018-09-03T00:00:00,838
2018-08-31T00:00:00,838
2018-08-30T00:00:00,838
2018-08-29T00:00:00,838
2018-08-28T00:00:00,838
2018-08-27T00:00:00,838
2018-08-24T00:00:00,838
2018-08-23T00:00:00,838
2018-08-22T00:00:00,838
2018-08-21T00:00:00,838
2018-08-20T00:00:00,838
2018-08-17T00:00:00,838
2018-08-16T00:00:00,837
2018-08-15T00:00:00,837
2018-08-14T00:00:00,848
2018-08-13T00:00:00,848
2018-08-10T00:00:00,848
2018-08-09T00:00:00,849
2018-08-08T00:00:00,849
2018-08-07T00:00:00,849
2018-08-06T00:00:00,849
2018-08-03T00:00:00,797
2018-08-02T00:00:00,814
2018-08-01T00:00:00,814
2018-07-31T00:00:00,753
2018-07-30T00:00:00,753
2018-07-27T00:00:00,753
2018-07-26T00:00:00,753
2018-07-25T00:00:00,754
2018-07-24T00:00:00,754
2018-07-23T00:00:00,754
2018-07-20T00:00:00,754
2018-07-19T00:00:00,754
2018-07-18T00:00:00,752
2018-07-17T00:00:00,752
2018-07-16T00:00:00,752
2018-07-13T00:00:00,752
2018-07-12T00:00:00,839
2018-07-11T00:00:00,769
2018-07-10T00:00:00,769
2018-07-09T00:00:00,769
2018-07-06T00:00:00,769
2018-07-05T00:00:00,769
2018-07-04T00:00:00,769
2018-07-03T00:00:00,769
2018-07-02T00:00:00,770
2018-06-29T00:00:00,670
2018-06-28T00:00:00,682
2018-06-27T00:00:00,682
2018-06-26T00:00:00,682
2018-06-25T00:00:00,682
2018-06-22T00:00:00,683
2018-06-21T00:00:00,683
2018-06-20T00:00:00,683
2018-06-19T00:00:00,683
2018-06-18T00:00:00,684
2018-06-15T00:00:00,695
2018-06-14T00:00:00,695
2018-06-13T00:00:00,696
2018-06-12T00:00:00,691
2018-06-11T00:00:00,691
2018-06-08T00:00:00,691
2018-06-07T00:00:00,692
2018-06-06T00:00:00,675
2018-06-05T00:00:00,675
2018-06-04T00:00:00,675
2018-06-01T00:00:00,675
2018-05-31T00:00:00,675
2018-05-30T00:00:00,675
2018-05-29T00:00:00,675
2018-05-28T00:00:00,675
2018-05-25T00:00:00,675
2018-05-24T00:00:00,675
2018-05-23T00:00:00,675
2018-05-22T00:00:00,674
2018-05-18T00:00:00,674
2018-05-16T00:00:00,675
2018-05-15T00:00:00,675
2018-05-14T00:00:00,677
2018-05-11T00:00:00,677
2018-05-09T00:00:00,676
2018-05-08T00:00:00,675
2018-05-07T00:00:00,682
2018-05-04T00:00:00,683
2018-05-03T00:00:00,683
2018-05-02T00:00:00,683
